[02Apr2026 22:35:56.442] [main/INFO] [cpw.mods.modlauncher.Launcher/MODLAUNCHER]: ModLauncher running: args [--launchTarget, forgeserver, --fml.forgeVersion, 47.3.7, --fml.mcVersion, 1.20.1, --fml.forgeGroup, net.minecraftforge, --fml.mcpVersion, 20230612.114412, nogui]
[02Apr2026 22:35:56.445] [main/INFO] [cpw.mods.modlauncher.Launcher/MODLAUNCHER]: ModLauncher 10.0.9+10.0.9+main.dcd20f30 starting: java version 17.0.18 by Ubuntu; OS Linux arch amd64 version 6.8.0-1044-azure
[02Apr2026 22:35:58.536] [main/INFO] [net.minecraftforge.fml.loading.ImmediateWindowHandler/]: ImmediateWindowProvider not loading because launch target is forgeserver
[02Apr2026 22:35:58.598] [main/INFO] [mixin/]: SpongePowered MIXIN Subsystem Version=0.8.5 Source=union:/workspaces/4k/servidor_minecraft/libraries/org/spongepowered/mixin/0.8.5/mixin-0.8.5.jar%2365!/ Service=ModLauncher Env=SERVER
[02Apr2026 22:35:58.637] [main/WARN] [CrashAssistantJarInJarHelper/]: launchTarget: forgeserver. Crash Assistant is client only mod. Mod will do nothing!
[02Apr2026 22:35:59.163] [main/WARN] [net.minecraftforge.fml.loading.moddiscovery.ModFileParser/LOADING]: Mod file /workspaces/4k/servidor_minecraft/libraries/net/minecraftforge/fmlcore/1.20.1-47.3.7/fmlcore-1.20.1-47.3.7.jar is missing mods.toml file
[02Apr2026 22:35:59.164] [main/WARN] [net.minecraftforge.fml.loading.moddiscovery.ModFileParser/LOADING]: Mod file /workspaces/4k/servidor_minecraft/libraries/net/minecraftforge/javafmllanguage/1.20.1-47.3.7/javafmllanguage-1.20.1-47.3.7.jar is missing mods.toml file
[02Apr2026 22:35:59.165] [main/WARN] [net.minecraftforge.fml.loading.moddiscovery.ModFileParser/LOADING]: Mod file /workspaces/4k/servidor_minecraft/libraries/net/minecraftforge/lowcodelanguage/1.20.1-47.3.7/lowcodelanguage-1.20.1-47.3.7.jar is missing mods.toml file
[02Apr2026 22:35:59.165] [main/WARN] [net.minecraftforge.fml.loading.moddiscovery.ModFileParser/LOADING]: Mod file /workspaces/4k/servidor_minecraft/libraries/net/minecraftforge/mclanguage/1.20.1-47.3.7/mclanguage-1.20.1-47.3.7.jar is missing mods.toml file
[02Apr2026 22:36:00.241] [main/WARN] [net.minecraftforge.jarjar.selection.JarSelector/]: Attempted to select two dependency jars from JarJar which have the same identification: Mod File:  and Mod File: . Using Mod File: 
[02Apr2026 22:36:00.242] [main/WARN] [net.minecraftforge.jarjar.selection.JarSelector/]: Attempted to select two dependency jars from JarJar which have the same identification: Mod File:  and Mod File: . Using Mod File: 
[02Apr2026 22:36:00.243] [main/WARN] [net.minecraftforge.jarjar.selection.JarSelector/]: Attempted to select a dependency jar for JarJar which was passed in as source: playeranimator. Using Mod File: /workspaces/4k/servidor_minecraft/mods/player-animation-lib-forge-1.0.2-rc1+1.20.jar
[02Apr2026 22:36:00.243] [main/INFO] [net.minecraftforge.fml.loading.moddiscovery.JarInJarDependencyLocator/]: Found 91 dependencies adding them to mods collection
[02Apr2026 22:36:00.706] [main/INFO] [org.groovymc.gml.mappings.MappingsProvider/]: Starting runtime mappings setup...
[02Apr2026 22:36:00.724] [main/INFO] [org.groovymc.gml.internal.locator.ModLocatorInjector/]: Injecting ScriptModLocator candidates...
[02Apr2026 22:36:00.735] [main/INFO] [org.groovymc.gml.scriptmods.ScriptModLocator/]: Injected Jimfs file system
[02Apr2026 22:36:00.742] [main/INFO] [org.groovymc.gml.scriptmods.ScriptModLocator/]: Skipped loading script mods from directory /workspaces/4k/servidor_minecraft/mods/scripts as it did not exist.
[02Apr2026 22:36:00.748] [main/INFO] [org.groovymc.gml.internal.locator.ModLocatorInjector/]: Injected ScriptModLocator mod candidates. Found 0 valid mod candidates and 0 broken mod files.
[02Apr2026 22:36:03.681] [GML Mappings Thread/INFO] [org.groovymc.gml.mappings.MappingsProvider/]: Loaded runtime mappings in 2925ms
[02Apr2026 22:36:03.682] [GML Mappings Thread/INFO] [org.groovymc.gml.mappings.MappingsProvider/]: Finished runtime mappings setup.
[02Apr2026 22:36:06.784] [main/INFO] [mixin/]: Compatibility level set to JAVA_17
[02Apr2026 22:36:06.808] [main/ERROR] [mixin/]: Mixin config gamemenuremovegfarb-common.mixins.json does not specify "minVersion" property
[02Apr2026 22:36:06.834] [main/ERROR] [mixin/]: Mixin config bbb.mixins.json does not specify "minVersion" property
[02Apr2026 22:36:07.186] [main/ERROR] [mixin/]: Mixin config fabric-item-group-api-v1.mixins.json does not specify "minVersion" property
[02Apr2026 22:36:07.188] [main/ERROR] [mixin/]: Mixin config fabric-item-group-api-v1.client.mixins.json does not specify "minVersion" property
[02Apr2026 22:36:07.262] [main/ERROR] [mixin/]: Mixin config palladiumcore-common.mixins.json does not specify "minVersion" property
[02Apr2026 22:36:07.265] [main/ERROR] [mixin/]: Mixin config palladiumcore.mixins.json does not specify "minVersion" property
[02Apr2026 22:36:07.268] [main/ERROR] [mixin/]: Mixin config vc_gliders-common.mixins.json does not specify "minVersion" property
[02Apr2026 22:36:07.272] [main/ERROR] [mixin/]: Mixin config vc_gliders.mixins.json does not specify "minVersion" property
[02Apr2026 22:36:07.280] [main/ERROR] [mixin/]: Mixin config fabric-item-api-v1.client.mixins.json does not specify "minVersion" property
[02Apr2026 22:36:07.317] [main/ERROR] [mixin/]: Mixin config fabric-data-attachment-api-v1.mixins.json does not specify "minVersion" property
[02Apr2026 22:36:07.320] [main/ERROR] [mixin/]: Mixin config fabric-data-attachment-api-v1.client.mixins.json does not specify "minVersion" property
[02Apr2026 22:36:07.740] [main/INFO] [mixin/]: Successfully loaded Mixin Connector [com.sonicether.soundphysics.MixinConnector]
[02Apr2026 22:36:07.744] [main/INFO] [net.fabricmc.loader.impl.bootstrap.FabricLoaderBootstrap/]: Propagating FML mod list to Fabric Loader
[02Apr2026 22:36:07.759] [main/INFO] [cpw.mods.modlauncher.LaunchServiceHandler/MODLAUNCHER]: Launching target 'forgeserver' with arguments [nogui]
[02Apr2026 22:36:07.871] [main/WARN] [mixin/]: Reference map 'handcrafted-forge-1.20.1-forge-refmap.json' for handcrafted.mixins.json could not be read. If this is a development environment you can ignore this message
[02Apr2026 22:36:07.881] [main/WARN] [mixin/]: Reference map 'xrayreporter.refmap.json' for xrayreporter.mixins.json could not be read. If this is a development environment you can ignore this message
[02Apr2026 22:36:08.011] [main/WARN] [mixin/]: Reference map 'puzzlesaccessapi.common.refmap.json' for puzzlesaccessapi.common.mixins.json could not be read. If this is a development environment you can ignore this message
[02Apr2026 22:36:08.103] [main/WARN] [mixin/]: Reference map 'fastpaintings-forge-refmap.json' for fastpaintings-forge.mixins.json could not be read. If this is a development environment you can ignore this message
[02Apr2026 22:36:08.211] [main/INFO] [Puzzles Lib/]: Loading 246 mods:
	- access_denied 6.0.0
	- ageingspawners 2.0.0
	- aiycrates 1.0.0
	- alexsmobs 1.22.9
	- almanac 1.0.2
	- ambientenvironment 11.0.0.1
	- ambientsounds 6.1.10
	- appleskin 2.5.1+mc1.20.1
	- architectury 9.2.14
	- athena 3.1.2
	- atlaslib 1.1.12
	- attributeslib 1.3.7
	- automobility 0.4.2+1.20.1-forge
	- auudio 1.0.3
	- badmobs 19.0.4
	- balm 7.3.30
		\-- kuma_api 20.1.10
	- bbb 1.20.1-1.0.1
	- bbs 1.20.1-0.1.3
	- better_zombie_drops 1.0.0
	- bettercombat 1.8.6+1.20.1
	- bettermineshafts 1.20-Forge-4.0.4
	- binocularsmod 1.02
	- bloomingnature 1.0.12
	- bookshelf 20.2.13
	- carryon 2.1.2.7
	- charmofundying 6.5.0+1.20.1
	- chat_heads 0.13.18
	- citadel 2.6.1
	- cleanswing 1.8
	- cloth_config 11.1.136
	- clumps 12.0.0.4
	- cofh_core 11.0.2
	- collective 8.3
	- combatlog 2.3
	- combatroll 1.3.3+1.20.1
	- comforts 6.4.0+1.20.1
	- commongroovylibrary 0.3.3
	- configurableextramobdrops 3.5
	- controlling 12.0.2
	- corgilib 4.0.3.3
	- coroutil 1.20.1-1.3.7
	- corpse 1.20.1-1.0.20
	- corpsecurioscompat 2.2.2
	- craftpresence 2.6.1
	- crash_assistant 1.8.0
	- creativecore 2.12.32
	- cupboard 1.20.1-2.7
	- cure 1.0.0
	- curios 5.14.1+1.20.1
	- cw_additions 1.1.6
	- dataanchor 1.0.0.19
	- decorative_blocks 4.1.3
	- distraction_free_recipes 1.2.1
	- doapi 1.2.15
		\-- terraform 7.0.1
	- drippyloadingscreen 3.0.12
	- dummmmmmy 1.20-2.0.6
	- dynamiclights 1.8.6+mod
	- eatinganimation 5.1.0
	- ecologics 2.2.0
	- emi 1.1.22+1.20.1+forge
	- emi_letsdo_compat 1.6
	- enchdesc 17.1.19
	- enhancedcelestials 1.20.1-5.0.3.1
	- enhancedvisuals 1.8.2
	- entity_texture_features 6.2.9
	- entityculling 1.7.4
	- epicsiegemod 14.171
	- euphoria_patcher 1.6.4-r5.5.1-forge
	- experimentalsettingsdisabler 3.0
	- extragore 5.2.3.1
	- fallingtrees 0.13.2
	- fancymenu 3.5.2
	- farmersdelight 1.20.1-1.2.7
	- fastpaintings 1.20-1.2.7
	- fastsuite 5.1.0
	- ferritecore 6.0.1
	- firstjoinmessage 3.8
	- flan 1.20.1-1.11.7
		\-- lingua_bib 1.20.1-1.0.3
	- forge 47.3.7
	- forgivingworld 1.20.1-4.7
	- framework 0.7.15
	- ftblibrary 2001.2.9
	- ftbteams 2001.3.1
	- gamemenuremovegfarb 2.1.2
	- gamestages 15.0.2
	- geckolib 4.7.1.2
	- glitchcore 0.0.1.1
	- globalnarrationtoggle 1.4
	- gml 4.0.11
	- golemsarefriends 1.20.0-1.0.1
	- handcrafted 3.0.6
	- herbalbrews 1.0.12
	- hordes 1.5.4
	- immediatelyfast 1.5.0+1.20.4
	- immersive_aircraft 1.3.3+1.20.1
	- immersive_weathering 1.20.1-2.0.5
	- improved_village_placement 1.0.0
	- incontrol 1.20-9.3.2
	- insanelib 1.16.1
	- inventorysorter 23.0.8
	- item_obliterator 2.3.0
	- item_scrapper 1.2.5
	- item_scrapper_armorandtools 1.0.0
	- item_scrapper_taczpack 1.0.0
	- jauml 1.1.0-forge-1.20.1
	- jeffs_cursed_walking_structures 1.0.8
	- jei 15.20.0.106
	- jeresources 1.4.0.247
	- jrftl 1.6.0
	- keerdm_zombie_essentials 1.41
	- konkrete 1.8.0
	- kotlinforforge 4.11.0
	- kubejs 2001.6.5-build.16
	- letmedespawn 1.5.0
	- lithostitched 1.4.8
	- lootjs 1.20.1-2.12.0
	- lootr 0.7.35.91
	- lostcities 1.20-7.3.6
	- map_atlases 1.20-6.0.16
	- marbledsarsenal 2.3.0.2
	- marbledsfirstaid 1.1.0.3
	- marbledsmelees 1.20.1-1.0.0
	- mcore 1.0.3.0
	- melody 1.0.2
	- minecraft 1.20.1
	- mobcontrol 1.5.7
	- moonlight 1.20-2.13.82
	- mousetweaks 2.25.1
	- mutantmonsters 8.0.7
	- myserveriscompatible 1.0
	- necronomicon 1.6.0
	- nerb 0.4.1
	- nobz 1.2
	- noisium 2.3.0+mc1.20-1.20.1
	- nostartupmessages 1.0.1
	- notenoughanimations 1.9.3
	- novillagerdm 5.0.0
	- octolib 0.5.0.1
	- openloader 19.0.4
	- overworld_netherite_ore 2.6
	- packetfixer 2.0.0
	- pandalib 0.5.2
	- patchouli 1.20.1-84.1-FORGE
	- philipsruins 5.3
	- pillagers_gun 2.2.0
	- placebo 8.6.3
	- playeranimator 1.0.2-rc1+1.20
	- pointblank 1.9.6
	- polymorph 0.49.10+1.20.1
		\-- spectrelib 0.13.17+1.20.1
	- projectvibrantjourneys 1.20.1-6.0.4
	- propertymodifier 0.3.3
	- puzzleslib 8.1.32
		|-- mixinextras 0.4.1
		\-- puzzlesaccessapi 20.1.1
	- refurbished_furniture 1.0.12
	- resourcefullib 2.1.29
	- responsiveshields 2.3
	- rhino 2001.2.3-build.10
	- satako 7.0.33-1.20.1
	- searchables 1.0.3
	- securitycraft 1.10.0.1
	- sereneseasons 9.1.0.2
	- shouldersurfing 1.20.1-4.12.0
	- simple_snowy_fix 2.1.3
	- simpleshops 1.2.2
	- simply_traps 1.6
	- smartbrainlib 1.15
	- smoothboot 0.0.4
	- solonion 1.4.5
	- sophisticatedbackpacks 3.23.17.1246
	- sophisticatedcore 1.2.60.987
	- sound_physics_remastered 1.20.1-1.4.10
	- spartanweaponry 3.1.3
	- starterkit 7.4
	- structure_gel 2.16.2
	- structurecontrol 1.8.3
	- tacz 1.0.3
	- tax_cursed_painter 1.0.0
	- temporalapi 1.6.7
	- tenshilib 1.20.1-1.7.6
	- the_deep_void 1.28
	- the_deeper_void 1.0.0
	- tipsmod 12.1.8
	- toastcontrol 8.0.3
	- toolbelt 1.20.02
	- totem_fragments 1.0.0
	- tp_shooting 1.20.1-5.1.0
	- txnilib 1.0.24
		|-- fabric_api 0.92.2+1.11.12+1.20.1
		|-- fabric_api_base 0.4.31+ef105b4977
		|-- fabric_api_lookup_api_v1 1.6.36+67f9824077
		|-- fabric_biome_api_v1 13.0.13+dc36698e77
		|-- fabric_block_api_v1 1.0.11+0e6cb7f777
		|-- fabric_block_view_api_v2 1.0.1+0767707077
		|-- fabric_blockrenderlayer_v1 1.1.41+1d0da21e77
		|-- fabric_client_tags_api_v1 1.1.2+5d6761b877
		|-- fabric_command_api_v1 1.2.34+f71b366f77
		|-- fabric_command_api_v2 2.2.13+561530ec77
		|-- fabric_content_registries_v0 4.0.11+a670df1e77
		|-- fabric_convention_tags_v1 1.5.5+fa3d1c0177
		|-- fabric_data_attachment_api_v1 1.0.0+30ef839e77
		|-- fabric_data_generation_api_v1 12.3.4+369cb3a477
		|-- fabric_dimensions_v1 2.1.54+8005d10d77
		|-- fabric_entity_events_v1 1.6.0+4ca7515277
		|-- fabric_events_interaction_v0 0.6.2+0d0bd5a777
		|-- fabric_game_rule_api_v1 1.0.40+683d4da877
		|-- fabric_item_api_v1 2.1.28+4d0bbcfa77
		|-- fabric_item_group_api_v1 4.0.12+c9161c2d77
		|-- fabric_key_binding_api_v1 1.0.37+561530ec77
		|-- fabric_lifecycle_events_v1 2.2.22+afab492177
		|-- fabric_loot_api_v2 1.2.1+eb28f93e77
		|-- fabric_message_api_v1 5.1.9+52cc178c77
		|-- fabric_mining_level_api_v1 2.1.50+561530ec77
		|-- fabric_model_loading_api_v1 1.0.3+6274ab9d77
		|-- fabric_models_v0 0.4.2+7c3892a477
		|-- fabric_networking_api_v1 1.3.11+503a202477
		|-- fabric_object_builder_api_v1 11.1.3+4bd998fa77
		|-- fabric_particles_v1 1.1.2+78e1ecb877
		|-- fabric_recipe_api_v1 1.0.21+514a076577
		|-- fabric_registry_sync_v0 2.3.3+1c0ea72177
		|-- fabric_renderer_api_v1 3.2.1+cf68abbe77
		|-- fabric_renderer_indigo 1.5.2+b5b2da4177
		|-- fabric_rendering_data_attachment_v1 0.3.37+a6081afc77
		|-- fabric_rendering_fluids_v1 3.0.28+4ac5e37a77
		|-- fabric_rendering_v1 3.0.8+66e9a48f77
		|-- fabric_resource_conditions_api_v1 2.3.8+9e342fc177
		|-- fabric_resource_loader_v0 0.11.10+bcd08ed377
		|-- fabric_screen_api_v1 2.0.8+45a670a577
		|-- fabric_screen_handler_api_v1 1.3.30+561530ec77
		|-- fabric_sound_api_v1 1.0.13+4f23bd8477
		|-- fabric_transfer_api_v1 3.3.5+631c9cd677
		\-- fabric_transitive_access_wideners_v1 4.3.1+1880499877
	- unilib 1.1.0
	- uteamcore 5.1.4.382
	- vc_gliders 1.1.7
		\-- palladiumcore 1.20-2.0.0.0
	- voicechat 1.20.1-2.5.30
	- walkietalkie 1.3.0
	- watut 1.20.1-1.2.3
	- wegotrunnners 1.0.0
	- xray_snitch 1.1
	- xrayreporter 1.0.1
	- yungsapi 1.20-Forge-4.0.6
[02Apr2026 22:36:08.455] [main/WARN] [mixin/]: Reference map 'item_scrapper.refmap.json' for item_scrapper.mixins.json could not be read. If this is a development environment you can ignore this message
[02Apr2026 22:36:08.526] [main/WARN] [mixin/]: Reference map 'pandalib-common-common-refmap.json' for pandalib-common.mixins.json could not be read. If this is a development environment you can ignore this message
[02Apr2026 22:36:08.566] [main/WARN] [mixin/]: Reference map 'emi-letsdo-compat-common-refmap.json' for emi_letsdo_compat-common.mixins.json could not be read. If this is a development environment you can ignore this message
[02Apr2026 22:36:08.698] [main/WARN] [mixin/]: Reference map 'access_denied.refmap.json' for access_denied.mixins.json could not be read. If this is a development environment you can ignore this message
[02Apr2026 22:36:08.767] [main/WARN] [mixin/]: Reference map 'coroutil.refmap.json' for coroutil.mixins.json could not be read. If this is a development environment you can ignore this message
[02Apr2026 22:36:08.898] [main/WARN] [mixin/]: Reference map 'packetfixer-forge-forge-refmap.json' for packetfixer.forge.mixins.json could not be read. If this is a development environment you can ignore this message
[02Apr2026 22:36:09.538] [main/ERROR] [net.minecraftforge.fml.loading.RuntimeDistCleaner/DISTXFORM]: Attempted to load class net/minecraft/client/MouseHandler for invalid dist DEDICATED_SERVER
[02Apr2026 22:36:09.538] [main/WARN] [mixin/]: Error loading class: net/minecraft/client/MouseHandler (java.lang.RuntimeException: Attempted to load class net/minecraft/client/MouseHandler for invalid dist DEDICATED_SERVER)
[02Apr2026 22:36:09.539] [main/WARN] [mixin/]: @Mixin target net.minecraft.client.MouseHandler was not found fabric-screen-api-v1.mixins.json:MouseMixin
[02Apr2026 22:36:09.540] [main/ERROR] [net.minecraftforge.fml.loading.RuntimeDistCleaner/DISTXFORM]: Attempted to load class net/minecraft/client/gui/screens/Screen for invalid dist DEDICATED_SERVER
[02Apr2026 22:36:09.540] [main/WARN] [mixin/]: Error loading class: net/minecraft/client/gui/screens/Screen (java.lang.RuntimeException: Attempted to load class net/minecraft/client/gui/screens/Screen for invalid dist DEDICATED_SERVER)
[02Apr2026 22:36:09.540] [main/WARN] [mixin/]: @Mixin target net.minecraft.client.gui.screens.Screen was not found fabric-screen-api-v1.mixins.json:ScreenAccessor
[02Apr2026 22:36:09.723] [main/INFO] [net.minecraftforge.coremod.CoreMod.placebo/COREMODLOG]: Patching IForgeItemStack#getEnchantmentLevel
[02Apr2026 22:36:09.732] [main/INFO] [net.minecraftforge.coremod.CoreMod.placebo/COREMODLOG]: Patching IForgeItemStack#getEnchantmentLevel
[02Apr2026 22:36:10.127] [main/WARN] [mixin/]: Error loading class: dev/corgitaco/ohthetreesyoullgrow/world/level/levelgen/feature/TreeFromStructureNBTFeature (java.lang.ClassNotFoundException: dev.corgitaco.ohthetreesyoullgrow.world.level.levelgen.feature.TreeFromStructureNBTFeature)
[02Apr2026 22:36:10.128] [main/WARN] [mixin/]: @Mixin target dev.corgitaco.ohthetreesyoullgrow.world.level.levelgen.feature.TreeFromStructureNBTFeature was not found simple_snowy_fix.mixins.json:TreeFromStructureNBTFeatureMixin
[02Apr2026 22:36:10.136] [main/WARN] [mixin/]: Error loading class: net/regions_unexplored/world/level/feature/tree/AshenTreeFeature (java.lang.ClassNotFoundException: net.regions_unexplored.world.level.feature.tree.AshenTreeFeature)
[02Apr2026 22:36:10.136] [main/WARN] [mixin/]: @Mixin target net.regions_unexplored.world.level.feature.tree.AshenTreeFeature was not found simple_snowy_fix-forge.mixins.json:RUTreeFeatureMixin
[02Apr2026 22:36:10.145] [main/WARN] [mixin/]: Error loading class: net/regions_unexplored/world/level/feature/tree/AspenTreeFeature (java.lang.ClassNotFoundException: net.regions_unexplored.world.level.feature.tree.AspenTreeFeature)
[02Apr2026 22:36:10.145] [main/WARN] [mixin/]: @Mixin target net.regions_unexplored.world.level.feature.tree.AspenTreeFeature was not found simple_snowy_fix-forge.mixins.json:RUTreeFeatureMixin
[02Apr2026 22:36:10.151] [main/WARN] [mixin/]: Error loading class: net/regions_unexplored/world/level/feature/tree/CypressTreeFeature (java.lang.ClassNotFoundException: net.regions_unexplored.world.level.feature.tree.CypressTreeFeature)
[02Apr2026 22:36:10.152] [main/WARN] [mixin/]: @Mixin target net.regions_unexplored.world.level.feature.tree.CypressTreeFeature was not found simple_snowy_fix-forge.mixins.json:RUTreeFeatureMixin
[02Apr2026 22:36:10.158] [main/WARN] [mixin/]: Error loading class: net/regions_unexplored/world/level/feature/tree/DeadTreeFeature (java.lang.ClassNotFoundException: net.regions_unexplored.world.level.feature.tree.DeadTreeFeature)
[02Apr2026 22:36:10.158] [main/WARN] [mixin/]: @Mixin target net.regions_unexplored.world.level.feature.tree.DeadTreeFeature was not found simple_snowy_fix-forge.mixins.json:RUTreeFeatureMixin
[02Apr2026 22:36:10.163] [main/WARN] [mixin/]: Error loading class: net/regions_unexplored/world/level/feature/tree/GiantCypressTreeFeature (java.lang.ClassNotFoundException: net.regions_unexplored.world.level.feature.tree.GiantCypressTreeFeature)
[02Apr2026 22:36:10.163] [main/WARN] [mixin/]: @Mixin target net.regions_unexplored.world.level.feature.tree.GiantCypressTreeFeature was not found simple_snowy_fix-forge.mixins.json:RUTreeFeatureMixin
[02Apr2026 22:36:10.167] [main/WARN] [mixin/]: Error loading class: net/regions_unexplored/world/level/feature/tree/KapokTreeFeature (java.lang.ClassNotFoundException: net.regions_unexplored.world.level.feature.tree.KapokTreeFeature)
[02Apr2026 22:36:10.167] [main/WARN] [mixin/]: @Mixin target net.regions_unexplored.world.level.feature.tree.KapokTreeFeature was not found simple_snowy_fix-forge.mixins.json:RUTreeFeatureMixin
[02Apr2026 22:36:10.172] [main/WARN] [mixin/]: Error loading class: net/regions_unexplored/world/level/feature/tree/LushPineTreeFeature (java.lang.ClassNotFoundException: net.regions_unexplored.world.level.feature.tree.LushPineTreeFeature)
[02Apr2026 22:36:10.172] [main/WARN] [mixin/]: @Mixin target net.regions_unexplored.world.level.feature.tree.LushPineTreeFeature was not found simple_snowy_fix-forge.mixins.json:RUTreeFeatureMixin
[02Apr2026 22:36:10.178] [main/WARN] [mixin/]: Error loading class: net/regions_unexplored/world/level/feature/tree/PineTreeFeature (java.lang.ClassNotFoundException: net.regions_unexplored.world.level.feature.tree.PineTreeFeature)
[02Apr2026 22:36:10.178] [main/WARN] [mixin/]: @Mixin target net.regions_unexplored.world.level.feature.tree.PineTreeFeature was not found simple_snowy_fix-forge.mixins.json:RUTreeFeatureMixin
[02Apr2026 22:36:10.183] [main/WARN] [mixin/]: Error loading class: net/regions_unexplored/world/level/feature/tree/SmallOakTreeFeature (java.lang.ClassNotFoundException: net.regions_unexplored.world.level.feature.tree.SmallOakTreeFeature)
[02Apr2026 22:36:10.183] [main/WARN] [mixin/]: @Mixin target net.regions_unexplored.world.level.feature.tree.SmallOakTreeFeature was not found simple_snowy_fix-forge.mixins.json:RUTreeFeatureMixin
[02Apr2026 22:36:10.189] [main/WARN] [mixin/]: Error loading class: net/regions_unexplored/world/level/feature/tree/TreeShrubFeature (java.lang.ClassNotFoundException: net.regions_unexplored.world.level.feature.tree.TreeShrubFeature)
[02Apr2026 22:36:10.189] [main/WARN] [mixin/]: @Mixin target net.regions_unexplored.world.level.feature.tree.TreeShrubFeature was not found simple_snowy_fix-forge.mixins.json:RUTreeFeatureMixin
[02Apr2026 22:36:10.196] [main/WARN] [mixin/]: Error loading class: net/regions_unexplored/world/level/feature/tree/StrippedPineTreeFeature (java.lang.ClassNotFoundException: net.regions_unexplored.world.level.feature.tree.StrippedPineTreeFeature)
[02Apr2026 22:36:10.196] [main/WARN] [mixin/]: @Mixin target net.regions_unexplored.world.level.feature.tree.StrippedPineTreeFeature was not found simple_snowy_fix-forge.mixins.json:RUTreeFeatureMixin
[02Apr2026 22:36:10.202] [main/WARN] [mixin/]: Error loading class: net/regions_unexplored/world/level/feature/tree/LarchTreeFeature (java.lang.ClassNotFoundException: net.regions_unexplored.world.level.feature.tree.LarchTreeFeature)
[02Apr2026 22:36:10.202] [main/WARN] [mixin/]: @Mixin target net.regions_unexplored.world.level.feature.tree.LarchTreeFeature was not found simple_snowy_fix-forge.mixins.json:RUTreeFeatureMixin
[02Apr2026 22:36:10.207] [main/WARN] [mixin/]: Error loading class: net/regions_unexplored/world/level/feature/tree/MapleTreeFeature (java.lang.ClassNotFoundException: net.regions_unexplored.world.level.feature.tree.MapleTreeFeature)
[02Apr2026 22:36:10.208] [main/WARN] [mixin/]: @Mixin target net.regions_unexplored.world.level.feature.tree.MapleTreeFeature was not found simple_snowy_fix-forge.mixins.json:RUTreeFeatureMixin
[02Apr2026 22:36:10.215] [main/ERROR] [net.minecraftforge.fml.loading.RuntimeDistCleaner/DISTXFORM]: Attempted to load class net/minecraft/client/multiplayer/MultiPlayerGameMode for invalid dist DEDICATED_SERVER
[02Apr2026 22:36:10.215] [main/WARN] [mixin/]: Error loading class: net/minecraft/client/multiplayer/MultiPlayerGameMode (java.lang.RuntimeException: Attempted to load class net/minecraft/client/multiplayer/MultiPlayerGameMode for invalid dist DEDICATED_SERVER)
[02Apr2026 22:36:10.215] [main/WARN] [mixin/]: @Mixin target net.minecraft.client.multiplayer.MultiPlayerGameMode was not found mixins.cofhcore.json:MultiPlayerGameModeMixin
[02Apr2026 22:36:11.274] [main/INFO] [MixinExtras|Service/]: Initializing MixinExtras via com.llamalad7.mixinextras.service.MixinExtrasServiceImpl(version=0.4.1).
[02Apr2026 22:36:11.754] [main/INFO] [Smooth Boot (Reloaded)/]: Smooth Boot (Reloaded) config initialized
[02Apr2026 22:36:14.116] [main/INFO] [net.minecraftforge.coremod.CoreMod.placebo/COREMODLOG]: Patching IForgeItemStack#getEnchantmentLevel
[02Apr2026 22:36:14.117] [main/INFO] [net.minecraftforge.coremod.CoreMod.placebo/COREMODLOG]: Patching IForgeItemStack#getEnchantmentLevel
[02Apr2026 22:36:16.080] [main/INFO] [net.minecraftforge.coremod.CoreMod.placebo/COREMODLOG]: Patching IForgeItemStack#getEnchantmentLevel
[02Apr2026 22:36:16.080] [main/INFO] [net.minecraftforge.coremod.CoreMod.placebo/COREMODLOG]: Patching IForgeItemStack#getEnchantmentLevel
[02Apr2026 22:36:16.667] [main/WARN] [mixin/]: @Inject(@At("INVOKE_ASSIGN")) Shift.BY=1 on palladiumcore-common.mixins.json:LightningBoltMixin::handler$znk000$tick exceeds the maximum allowed value: 0. Increase the value of maxShiftBy to suppress this warning.
[02Apr2026 22:36:18.782] [main/WARN] [mixin/]: @Inject(@At("INVOKE_ASSIGN")) Shift.BY=2 on refurbished_furniture.common.mixins.json:LevelChunkMixin::handler$bfi000$refurbishedFurniture$AfterRemoveBlockEntity exceeds the maximum allowed value: 0. Increase the value of maxShiftBy to suppress this warning.
[02Apr2026 22:36:20.490] [main/INFO] [org.groovymc.gml.internal.ModExtensionLoader/]: Skipping extension class org.groovymc.cgl.api.extension.client.MinecraftExtensions: it requires dist CLIENT, but we're running on DEDICATED_SERVER
[02Apr2026 22:36:20.887] [modloading-worker-0/WARN] [auudio/Auudio/]: WARNING: Auudio is a client mod and has no effect when loaded on a server!
[02Apr2026 22:36:20.904] [modloading-worker-0/INFO] [Structure Control/]: Structure Control, Forge Init
[02Apr2026 22:36:20.917] [modloading-worker-0/INFO] [Structure Control/]: Structure Control, Platform: Forge, Env: production
[02Apr2026 22:36:20.949] [modloading-worker-0/INFO] [satako/]: Satako loaded
[02Apr2026 22:36:20.966] [modloading-worker-0/INFO] [hordes/]: Trying to load common config
[02Apr2026 22:36:21.003] [modloading-worker-0/INFO] [hordes/]: Trying to load client config
[02Apr2026 22:36:21.018] [modloading-worker-0/INFO] [hordes/]: Config files are up to date, skipping data/asset generation
[02Apr2026 22:36:21.224] [modloading-worker-0/INFO] [net.permutated.novillagerdm.NoVillagerDeathMessages/]: Registering mod: novillagerdm
[02Apr2026 22:36:21.345] [modloading-worker-0/INFO] [dev.codeoverload.xrayreporter.Xrayreporter/]: [XrayReporter] Mod initializing...
[02Apr2026 22:36:21.366] [modloading-worker-0/INFO] [dev.codeoverload.xrayreporter.Xrayreporter/]: [XrayReporter] Registered common setup listener
[02Apr2026 22:36:21.366] [modloading-worker-0/INFO] [dev.codeoverload.xrayreporter.Xrayreporter/]: [XrayReporter] Registered to Forge event bus
[02Apr2026 22:36:21.368] [modloading-worker-0/INFO] [dev.codeoverload.xrayreporter.Xrayreporter/]: [XrayReporter] Registered DummyArgument
[02Apr2026 22:36:21.374] [modloading-worker-0/INFO] [dev.codeoverload.xrayreporter.Xrayreporter/]: [XrayReporter] Registered network packet
[02Apr2026 22:36:21.411] [modloading-worker-0/INFO] [gml/]: Initialised GML mod. Version: 4.0.11
[02Apr2026 22:36:21.571] [modloading-worker-0/INFO] [noisium/]: Loading Noisium.
[02Apr2026 22:36:21.599] [modloading-worker-0/INFO] [pointblank/]: Loading mod pointblank
[02Apr2026 22:36:21.746] [modloading-worker-0/INFO] [unilib/]: Disabling UniLib, as it is client side only.
[02Apr2026 22:36:21.954] [modloading-worker-0/INFO] [Puzzles Lib/]: Constructing common components for mutantmonsters:main
[02Apr2026 22:36:22.524] [modloading-worker-0/INFO] [com.leclowndu93150.corpsecurioscompat.Main/]: Hello from Corpse Curios Compat!
[02Apr2026 22:36:22.540] [modloading-worker-0/INFO] [de.keksuccino.drippyloadingscreen.DrippyLoadingScreen/]: [DRIPPY LOADING SCREEN] Loading v3.0.12 in server-side mode on FORGE!
[02Apr2026 22:36:22.554] [modloading-worker-0/INFO] [net.minecraftforge.common.ForgeMod/FORGEMOD]: Forge mod loading, version 47.3.7, for MC 1.20.1 with MCP 20230612.114412
[02Apr2026 22:36:22.554] [modloading-worker-0/INFO] [net.minecraftforge.common.MinecraftForge/FORGE]: MinecraftForge v47.3.7 Initialized
[02Apr2026 22:36:22.902] [modloading-worker-0/INFO] [necronomicon/]: Necronomicon Initialized
[02Apr2026 22:36:22.911] [modloading-worker-0/INFO] [necronomicon/]: File exists, reading config for elocindev.necronomicon.NecronomiconConfig.
[02Apr2026 22:36:22.913] [modloading-worker-0/INFO] [necronomicon/]: Config for elocindev.necronomicon.NecronomiconConfig read successfully.
[02Apr2026 22:36:23.462] [modloading-worker-0/INFO] [Puzzles Lib/]: Constructing common components for puzzleslib:main
[02Apr2026 22:36:23.568] [modloading-worker-0/INFO] [dynamiclights/]: [Dynamic Lights] Registering server started event ...
[02Apr2026 22:36:23.605] [modloading-worker-0/INFO] [thedarkcolour.kotlinforforge.test.KotlinForForge/]: Kotlin For Forge Enabled!
[02Apr2026 22:36:23.626] [modloading-worker-0/INFO] [insane96mcp.insanelib.InsaneLib/]: Found (COMMON) InsaneLib Feature class insane96mcp.insanelib.module.base.TagsFeature
[02Apr2026 22:36:23.645] [modloading-worker-0/INFO] [insane96mcp.insanelib.InsaneLib/]: Found (COMMON) InsaneLib Feature class insane96mcp.insanelib.module.base.FixFeature
[02Apr2026 22:36:23.649] [modloading-worker-0/INFO] [insane96mcp.insanelib.InsaneLib/]: Found (COMMON) InsaneLib Feature class insane96mcp.insanelib.module.base.BaseFeature
[02Apr2026 22:36:23.652] [modloading-worker-0/INFO] [insane96mcp.insanelib.InsaneLib/]: Found (COMMON) InsaneLib Feature class insane96mcp.insanelib.module.base.AEC3DFeature
[02Apr2026 22:36:23.828] [modloading-worker-0/INFO] [Bookshelf/]: Fixing MC-151457. Crafting remainder for minecraft:pufferfish_bucket is now minecraft:bucket.
[02Apr2026 22:36:23.831] [modloading-worker-0/INFO] [Bookshelf/]: Fixing MC-151457. Crafting remainder for minecraft:salmon_bucket is now minecraft:bucket.
[02Apr2026 22:36:23.831] [modloading-worker-0/INFO] [Bookshelf/]: Fixing MC-151457. Crafting remainder for minecraft:cod_bucket is now minecraft:bucket.
[02Apr2026 22:36:23.831] [modloading-worker-0/INFO] [Bookshelf/]: Fixing MC-151457. Crafting remainder for minecraft:tropical_fish_bucket is now minecraft:bucket.
[02Apr2026 22:36:23.831] [modloading-worker-0/INFO] [Bookshelf/]: Fixing MC-151457. Crafting remainder for minecraft:axolotl_bucket is now minecraft:bucket.
[02Apr2026 22:36:23.831] [modloading-worker-0/INFO] [Bookshelf/]: Fixing MC-151457. Crafting remainder for minecraft:powder_snow_bucket is now minecraft:bucket.
[02Apr2026 22:36:23.831] [modloading-worker-0/INFO] [Bookshelf/]: Fixing MC-151457. Crafting remainder for minecraft:tadpole_bucket is now minecraft:bucket.
[02Apr2026 22:36:23.927] [modloading-worker-0/INFO] [de.keksuccino.melody.Melody/]: [MELODY] Disabling Melody since it's loaded server-side.
[02Apr2026 22:36:23.954] [modloading-worker-0/INFO] [de.keksuccino.konkrete.Konkrete/]: [KONKRETE] Successfully initialized!
[02Apr2026 22:36:23.954] [modloading-worker-0/INFO] [de.keksuccino.konkrete.Konkrete/]: [KONKRETE] Server-side libs ready to use!
[02Apr2026 22:36:23.961] [modloading-worker-0/INFO] [info.u_team.u_team_core.util.verify.JarSignVerifier/]: Mod uteamcore is signed with a valid certificate.
[02Apr2026 22:36:24.184] [modloading-worker-0/INFO] [Collective/]: Loading Collective version 8.3.
[02Apr2026 22:36:24.332] [modloading-worker-0/INFO] [Spartan Weaponry/]: Constructing Mod: Spartan Weaponry
[02Apr2026 22:36:24.339] [modloading-worker-0/INFO] [Spartan Weaponry/]: Initialising API! Version: 11
[02Apr2026 22:36:24.340] [modloading-worker-0/INFO] [Spartan Weaponry/]: Spartan Weaponry API version 11 has been initalized!
[02Apr2026 22:36:24.474] [modloading-worker-0/INFO] [dev.architectury.networking.forge.NetworkManagerImpl/]: Registering C2S receiver with id architectury:sync_ids
[02Apr2026 22:36:24.498] [modloading-worker-0/INFO] [dev.architectury.networking.forge.NetworkManagerImpl/]: Registering C2S receiver with id ftblibrary:edit_nbt_response
[02Apr2026 22:36:24.506] [modloading-worker-0/INFO] [dev.architectury.networking.forge.NetworkManagerImpl/]: Registering C2S receiver with id walkietalkie:updatewalkietalkie_c2s
[02Apr2026 22:36:24.507] [modloading-worker-0/INFO] [dev.architectury.networking.forge.NetworkManagerImpl/]: Registering C2S receiver with id walkietalkie:updatespeaker_c2s
[02Apr2026 22:36:24.507] [modloading-worker-0/INFO] [dev.architectury.networking.forge.NetworkManagerImpl/]: Registering C2S receiver with id walkietalkie:activatekeypressed_c2s
[02Apr2026 22:36:24.550] [modloading-worker-0/INFO] [dev.architectury.networking.forge.NetworkManagerImpl/]: Registering C2S receiver with id ftbteams:open_gui
[02Apr2026 22:36:24.555] [modloading-worker-0/INFO] [dev.architectury.networking.forge.NetworkManagerImpl/]: Registering C2S receiver with id ftbteams:update_settings
[02Apr2026 22:36:24.560] [modloading-worker-0/INFO] [dev.architectury.networking.forge.NetworkManagerImpl/]: Registering C2S receiver with id ftbteams:send_message
[02Apr2026 22:36:24.562] [modloading-worker-0/INFO] [dev.architectury.networking.forge.NetworkManagerImpl/]: Registering C2S receiver with id ftbteams:create_party
[02Apr2026 22:36:24.577] [modloading-worker-0/INFO] [dev.architectury.networking.forge.NetworkManagerImpl/]: Registering C2S receiver with id ftbteams:player_gui_operation
[02Apr2026 22:36:24.594] [modloading-worker-0/INFO] [com.cupboard.Cupboard/]: Loaded config for: cupboard.json
[02Apr2026 22:36:24.700] [modloading-worker-0/INFO] [fallingtrees | Config/]: Successfully loaded config 'fallingtrees_common'
[02Apr2026 22:36:24.704] [modloading-worker-0/INFO] [fallingtrees | Config/]: Successfully saved config 'fallingtrees_common'
[02Apr2026 22:36:24.729] [modloading-worker-0/INFO] [unilib/]: Disabling CraftPresence, as it is client side only.
[02Apr2026 22:36:24.743] [modloading-worker-0/INFO] [Mob Control/]: Mob Control, Platform: Forge, Env: production
[02Apr2026 22:36:24.788] [modloading-worker-0/INFO] [KubeJS/]: Loaded common.properties
[02Apr2026 22:36:24.790] [modloading-worker-0/WARN] [Mob Control/]: WARNING: Mob ignored due to missing name
[02Apr2026 22:36:24.791] [modloading-worker-0/INFO] [KubeJS/]: Loaded dev.properties
[02Apr2026 22:36:24.800] [modloading-worker-0/INFO] [KubeJS/]: Looking for KubeJS plugins...
[02Apr2026 22:36:24.819] [modloading-worker-0/INFO] [KubeJS/]: Found plugin source kubejs
[02Apr2026 22:36:24.835] [modloading-worker-0/WARN] [KubeJS/]: Plugin dev.latvian.mods.kubejs.forge.BuiltinKubeJSForgeClientPlugin does not load on server side, skipping
[02Apr2026 22:36:24.931] [modloading-worker-0/INFO] [KubeJS/]: Found plugin source lootjs
[02Apr2026 22:36:24.940] [modloading-worker-0/INFO] [KubeJS/]: Done in 139.5 ms
[02Apr2026 22:36:25.170] [modloading-worker-0/INFO] [Rhino Script Remapper/]: Loading Rhino Minecraft remapper...
[02Apr2026 22:36:25.173] [modloading-worker-0/INFO] [dev.latvian.mods.rhino.mod.util.RhinoProperties/]: Rhino properties loaded.
[02Apr2026 22:36:25.180] [modloading-worker-0/INFO] [Rhino Script Remapper/]: Loading mappings for 1.20.1
[02Apr2026 22:36:25.209] [modloading-worker-0/ERROR] [toastcontrol/]: Running on a dedicated server, disabling mod.
[02Apr2026 22:36:25.225] [modloading-worker-0/INFO] [coroutil/]: forge loader environment detected
[02Apr2026 22:36:25.335] [modloading-worker-0/INFO] [Rhino Script Remapper/]: Done in 0.164 s
[02Apr2026 22:36:25.459] [modloading-worker-0/INFO] [de.keksuccino.fancymenu.FancyMenu/]: [FANCYMENU] Loading v3.5.2 in server-side mode on FORGE!
[02Apr2026 22:36:25.642] [modloading-worker-0/INFO] [dev.tonimatas.packetfixer.PacketFixer/]: Packet Fixer has been initialized successfully
[02Apr2026 22:36:25.949] [modloading-worker-0/INFO] [KubeJS Startup/]: cwstartuptweaks.js#1: CW Tweaks Startup scripts successfully loaded.
[02Apr2026 22:36:25.956] [modloading-worker-0/INFO] [KubeJS Startup/]: Loaded script startup_scripts:cwstartuptweaks.js in 0.057 s
[02Apr2026 22:36:25.969] [modloading-worker-0/INFO] [KubeJS Startup/]: Loaded script startup_scripts:matt's_stims_startup.js in 0.013 s
[02Apr2026 22:36:25.973] [modloading-worker-0/INFO] [KubeJS Startup/]: Loaded script startup_scripts:disabledOres.js in 0.003 s
[02Apr2026 22:36:25.977] [modloading-worker-0/INFO] [KubeJS Startup/]: Loaded 3/3 KubeJS startup scripts in 0.638 s with 0 errors and 0 warnings
[02Apr2026 22:36:26.045] [modloading-worker-0/INFO] [dev.architectury.networking.forge.NetworkManagerImpl/]: Registering C2S receiver with id kubejs:send_data_from_client
[02Apr2026 22:36:26.048] [modloading-worker-0/INFO] [dev.architectury.networking.forge.NetworkManagerImpl/]: Registering C2S receiver with id kubejs:first_click
[02Apr2026 22:36:28.031] [main/INFO] [Moonlight/]: Initialized block sets in 25ms
[02Apr2026 22:36:28.570] [main/WARN] [dev.architectury.registry.registries.forge.RegistrarManagerImpl/]: Registry entry listened Registry Entry [minecraft:entity_type / bloomingnature:wandering_gardener] was not realized!
[02Apr2026 22:36:28.570] [main/WARN] [dev.architectury.registry.registries.forge.RegistrarManagerImpl/]: Registry entry listened Registry Entry [minecraft:entity_type / bloomingnature:termite] was not realized!
[02Apr2026 22:36:29.131] [main/WARN] [dev.architectury.registry.registries.forge.RegistrarManagerImpl/]: Registry entry listened Registry Entry [minecraft:entity_type / bloomingnature:wandering_gardener] was not realized!
[02Apr2026 22:36:29.132] [main/WARN] [dev.architectury.registry.registries.forge.RegistrarManagerImpl/]: Registry entry listened Registry Entry [minecraft:entity_type / bloomingnature:termite] was not realized!
[02Apr2026 22:36:29.137] [main/WARN] [dev.architectury.registry.registries.forge.RegistrarManagerImpl/]: Registry entry listened Registry Entry [minecraft:entity_type / bloomingnature:wandering_gardener] was not realized!
[02Apr2026 22:36:29.137] [main/WARN] [dev.architectury.registry.registries.forge.RegistrarManagerImpl/]: Registry entry listened Registry Entry [minecraft:entity_type / bloomingnature:termite] was not realized!
[02Apr2026 22:36:29.138] [main/WARN] [dev.architectury.registry.registries.forge.RegistrarManagerImpl/]: Registry entry listened Registry Entry [minecraft:entity_type / bloomingnature:wandering_gardener] was not realized!
[02Apr2026 22:36:29.138] [main/WARN] [dev.architectury.registry.registries.forge.RegistrarManagerImpl/]: Registry entry listened Registry Entry [minecraft:entity_type / bloomingnature:termite] was not realized!
[02Apr2026 22:36:29.139] [main/WARN] [dev.architectury.registry.registries.forge.RegistrarManagerImpl/]: Registry entry listened Registry Entry [minecraft:entity_type / bloomingnature:wandering_gardener] was not realized!
[02Apr2026 22:36:29.140] [main/WARN] [dev.architectury.registry.registries.forge.RegistrarManagerImpl/]: Registry entry listened Registry Entry [minecraft:entity_type / bloomingnature:termite] was not realized!
[02Apr2026 22:36:29.750] [main/INFO] [ModdingLegacy/StructureGel/]: [structure_gel] Registering data for structure_gel:loot_table_alias
[02Apr2026 22:36:29.768] [main/INFO] [ModdingLegacy/StructureGel/]: [structure_gel] Registering data for structure_gel:data_handler_type
[02Apr2026 22:36:29.774] [main/INFO] [ModdingLegacy/StructureGel/]: [structure_gel] Registering data for structure_gel:dynamic_spawner
[02Apr2026 22:36:29.777] [main/INFO] [ModdingLegacy/StructureGel/]: [structure_gel] Registering data for structure_gel:jigsaw_type
[02Apr2026 22:36:30.012] [main/INFO] [Puzzles Lib/]: Loading common config for mutantmonsters
[02Apr2026 22:36:30.012] [Thread-3/INFO] [Puzzles Lib/]: Reloading common config for mutantmonsters
[02Apr2026 22:36:30.013] [Thread-3/INFO] [Puzzles Lib/]: Reloading common config for mutantmonsters
[02Apr2026 22:36:30.179] [Thread-3/WARN] [com.mrbysco.ageingspawners.AgeingSpawners/]: Ageing Spawners' config just got changed on the file system!
[02Apr2026 22:36:30.180] [Thread-3/WARN] [com.mrbysco.ageingspawners.AgeingSpawners/]: Ageing Spawners' config just got changed on the file system!
[02Apr2026 22:36:30.226] [modloading-worker-0/INFO] [tn.naizo.jauml.JaumlCore/]: HELLO FROM COMMON SETUP
[02Apr2026 22:36:30.235] [modloading-worker-0/INFO] [dev.codeoverload.xrayreporter.Xrayreporter/]: [XrayReporter] Common setup event fired
[02Apr2026 22:36:30.288] [modloading-worker-0/INFO] [com.forgivingworld.ForgivingWorldMod/]: forgivingworld mod initialized
[02Apr2026 22:36:30.350] [modloading-worker-0/INFO] [voicechat/]: [voicechat] Compatibility version 18
[02Apr2026 22:36:30.414] [Forge Version Check/INFO] [net.minecraftforge.fml.VersionChecker/]: [gamemenuremovegfarb] Starting version check at https://raw.githubusercontent.com/MORIMORI0317/GameMenuRemoveGFARB/master/version_check.json
[02Apr2026 22:36:30.503] [modloading-worker-0/INFO] [dynamiclights/]: [Dynamic Lights] Loaded Dynamic Lights by Tschipcraft successfully!
[02Apr2026 22:36:30.515] [modloading-worker-0/INFO] [incontrol/]: Enabling support for Lost Cities
[02Apr2026 22:36:30.516] [modloading-worker-0/INFO] [incontrol/]: Enabling support for Lost Cities
[02Apr2026 22:36:30.516] [modloading-worker-0/INFO] [incontrol/]: Enabling support for Game Stages
[02Apr2026 22:36:30.516] [modloading-worker-0/INFO] [incontrol/]: Enabling support for Serene Seasons
[02Apr2026 22:36:30.582] [modloading-worker-0/INFO] [voicechat/]: [voicechat] Loading plugins
[02Apr2026 22:36:30.628] [modloading-worker-0/INFO] [voicechat/]: [voicechat] Loaded 2 plugin(s)
[02Apr2026 22:36:30.630] [modloading-worker-0/INFO] [voicechat/]: [voicechat] Initializing plugins
[02Apr2026 22:36:30.674] [modloading-worker-0/INFO] [Sound Physics - General/]: Initializing Simple Voice Chat integration
[02Apr2026 22:36:30.681] [modloading-worker-0/INFO] [voicechat/]: [voicechat] Initialized 2 plugin(s)
[02Apr2026 22:36:30.686] [modloading-worker-0/INFO] [voicechat/]: [voicechat] Registering events for 'sound_physics_remastered'
[02Apr2026 22:36:30.701] [modloading-worker-0/INFO] [voicechat/]: [voicechat] Registering events for 'walkietalkie'
[02Apr2026 22:36:30.711] [modloading-worker-0/INFO] [necronomicon/]: File exists, reading config for elocindev.item_obliterator.forge.config.ConfigEntries.
[02Apr2026 22:36:30.712] [modloading-worker-0/INFO] [necronomicon/]: Config for elocindev.item_obliterator.forge.config.ConfigEntries read successfully.
[02Apr2026 22:36:30.718] [modloading-worker-0/INFO] [elocindev.item_obliterator.forge.ItemObliterator/]: Loaded Item Obliterator Config
[02Apr2026 22:36:30.757] [Forge Version Check/INFO] [net.minecraftforge.fml.VersionChecker/]: [gamemenuremovegfarb] Found status: UP_TO_DATE Current: 2.1.2 Target: null
[02Apr2026 22:36:30.758] [Forge Version Check/INFO] [net.minecraftforge.fml.VersionChecker/]: [hordes] Starting version check at https://raw.githubusercontent.com/SmileycorpMC/The-Hordes/1.20/update.json
[02Apr2026 22:36:30.779] [Forge Version Check/INFO] [net.minecraftforge.fml.VersionChecker/]: [hordes] Found status: OUTDATED Current: 1.5.4 Target: 1.5.4c
[02Apr2026 22:36:30.782] [Forge Version Check/INFO] [net.minecraftforge.fml.VersionChecker/]: [structure_gel] Starting version check at http://changelogs.moddinglegacy.com/structure-gel.json
[02Apr2026 22:36:30.798] [modloading-worker-0/INFO] [Spartan Weaponry/]: Setting up Spartan Weaponry!
[02Apr2026 22:36:30.799] [modloading-worker-0/INFO] [lostcities/]: Creating standard profiles into 'config/lostcities/profiles'
[02Apr2026 22:36:30.862] [modloading-worker-0/INFO] [lostcities/]: Reading existing profiles from 'config/lostcities/profiles'
[02Apr2026 22:36:31.001] [modloading-worker-0/INFO] [CorgiLib/]: Initializing network...
[02Apr2026 22:36:31.010] [modloading-worker-0/INFO] [CorgiLib/]: Initialized network!
[02Apr2026 22:36:31.067] [Forge Version Check/INFO] [net.minecraftforge.fml.VersionChecker/]: [structure_gel] Found status: BETA Current: 2.16.2 Target: null
[02Apr2026 22:36:31.067] [Forge Version Check/INFO] [net.minecraftforge.fml.VersionChecker/]: [corpse] Starting version check at https://update.maxhenkel.de/forge/corpse
[02Apr2026 22:36:31.219] [Forge Version Check/INFO] [net.minecraftforge.fml.VersionChecker/]: [corpse] Found status: OUTDATED Current: 1.20.1-1.0.20 Target: 1.20.1-1.0.23
[02Apr2026 22:36:31.219] [Forge Version Check/INFO] [net.minecraftforge.fml.VersionChecker/]: [gml] Starting version check at https://maven.moddinginquisition.org/releases/org/groovymc/gml/gml/forge-promotions.json
[02Apr2026 22:36:31.307] [Forge Version Check/INFO] [net.minecraftforge.fml.VersionChecker/]: [gml] Found status: BETA Current: 4.0.11 Target: null
[02Apr2026 22:36:31.308] [Forge Version Check/INFO] [net.minecraftforge.fml.VersionChecker/]: [gamestages] Starting version check at https://updates.blamejared.com/get?n=gamestages&gv=1.20.1
[02Apr2026 22:36:31.341] [main/INFO] [Framework/SYNCED_ENTITY_DATA]: Registered synced data key refurbished_furniture:lock_yaw for refurbished_furniture:seat
[02Apr2026 22:36:31.395] [main/INFO] [tacz/SYNCED_ENTITY_DATA_TAC_COPY]: Registered synced data key tacz:shoot_cool_down for minecraft:living_entity
[02Apr2026 22:36:31.395] [main/INFO] [tacz/SYNCED_ENTITY_DATA_TAC_COPY]: Registered synced data key tacz:melee_cool_down for minecraft:living_entity
[02Apr2026 22:36:31.395] [main/INFO] [tacz/SYNCED_ENTITY_DATA_TAC_COPY]: Registered synced data key tacz:reload_state for minecraft:living_entity
[02Apr2026 22:36:31.397] [main/INFO] [tacz/SYNCED_ENTITY_DATA_TAC_COPY]: Registered synced data key tacz:aiming_progress for minecraft:living_entity
[02Apr2026 22:36:31.397] [main/INFO] [tacz/SYNCED_ENTITY_DATA_TAC_COPY]: Registered synced data key tacz:draw_cool_down for minecraft:living_entity
[02Apr2026 22:36:31.397] [main/INFO] [tacz/SYNCED_ENTITY_DATA_TAC_COPY]: Registered synced data key tacz:is_aiming for minecraft:living_entity
[02Apr2026 22:36:31.397] [main/INFO] [tacz/SYNCED_ENTITY_DATA_TAC_COPY]: Registered synced data key tacz:sprint_time for minecraft:living_entity
[02Apr2026 22:36:31.397] [main/INFO] [tacz/SYNCED_ENTITY_DATA_TAC_COPY]: Registered synced data key tacz:bolt_cool_down for minecraft:living_entity
[02Apr2026 22:36:31.431] [Forge Version Check/INFO] [net.minecraftforge.fml.VersionChecker/]: [gamestages] Found status: BETA Current: 15.0.2 Target: 15.0.2
[02Apr2026 22:36:31.432] [Forge Version Check/INFO] [net.minecraftforge.fml.VersionChecker/]: [searchables] Starting version check at https://updates.blamejared.com/get?n=searchables&gv=1.20.1
[02Apr2026 22:36:31.445] [main/INFO] [Moonlight/]: Initialized color sets in 45ms
[02Apr2026 22:36:31.460] [Forge Version Check/INFO] [net.minecraftforge.fml.VersionChecker/]: [searchables] Found status: BETA Current: 1.0.3 Target: 1.0.3
[02Apr2026 22:36:31.460] [Forge Version Check/INFO] [net.minecraftforge.fml.VersionChecker/]: [atlaslib] Starting version check at https://raw.githubusercontent.com/SmileycorpMC/Atlas-Lib/1.20/update.json
[02Apr2026 22:36:31.467] [Forge Version Check/INFO] [net.minecraftforge.fml.VersionChecker/]: [atlaslib] Found status: UP_TO_DATE Current: 1.1.12 Target: null
[02Apr2026 22:36:31.467] [Forge Version Check/INFO] [net.minecraftforge.fml.VersionChecker/]: [unilib] Starting version check at https://raw.githubusercontent.com/CDAGaming/VersionLibrary/master/UniLib/update.json
[02Apr2026 22:36:31.482] [Forge Version Check/INFO] [net.minecraftforge.fml.VersionChecker/]: [unilib] Found status: AHEAD Current: 1.1.0 Target: null
[02Apr2026 22:36:31.482] [Forge Version Check/INFO] [net.minecraftforge.fml.VersionChecker/]: [mutantmonsters] Starting version check at https://raw.githubusercontent.com/Fuzss/modresources/main/update/mutantmonsters.json
[02Apr2026 22:36:31.501] [Forge Version Check/INFO] [net.minecraftforge.fml.VersionChecker/]: [mutantmonsters] Found status: OUTDATED Current: 8.0.7 Target: 8.0.8
[02Apr2026 22:36:31.501] [Forge Version Check/INFO] [net.minecraftforge.fml.VersionChecker/]: [puzzlesaccessapi] Starting version check at https://raw.githubusercontent.com/Fuzss/modresources/main/update/puzzlesaccessapi.json
[02Apr2026 22:36:31.505] [Forge Version Check/INFO] [net.minecraftforge.fml.VersionChecker/]: [puzzlesaccessapi] Found status: BETA Current: 20.1.1 Target: null
[02Apr2026 22:36:31.505] [Forge Version Check/INFO] [net.minecraftforge.fml.VersionChecker/]: [forge] Starting version check at https://files.minecraftforge.net/net/minecraftforge/forge/promotions_slim.json
[02Apr2026 22:36:31.534] [modloading-worker-0/INFO] [ShoulderSurfing/]: Registering plugin for Shoulder Surfing Reloaded (shouldersurfing)
[02Apr2026 22:36:31.543] [modloading-worker-0/ERROR] [net.minecraftforge.fml.loading.RuntimeDistCleaner/DISTXFORM]: Attempted to load class net/minecraft/client/Minecraft for invalid dist DEDICATED_SERVER
[02Apr2026 22:36:31.543] [modloading-worker-0/ERROR] [ShoulderSurfing/]: Failed to load plugin for Shoulder Surfing Reloaded (shouldersurfing)
java.lang.BootstrapMethodError: java.lang.RuntimeException: Attempted to load class net/minecraft/client/Minecraft for invalid dist DEDICATED_SERVER
	at com.github.exopandora.shouldersurfing.plugin.ShoulderSurfingPlugin.register(ShoulderSurfingPlugin.java:26) ~[ShoulderSurfing-Forge-1.20.1-4.12.0.jar%23449!/:1.20.1-4.12.0]
	at com.github.exopandora.shouldersurfing.plugin.PluginLoader.loadPlugin(PluginLoader.java:40) ~[ShoulderSurfing-Forge-1.20.1-4.12.0.jar%23449!/:1.20.1-4.12.0]
	at com.github.exopandora.shouldersurfing.plugin.PluginLoader.loadPlugin(PluginLoader.java:23) ~[ShoulderSurfing-Forge-1.20.1-4.12.0.jar%23449!/:1.20.1-4.12.0]
	at com.github.exopandora.shouldersurfing.forge.plugin.PluginLoaderForge.loadPlugins(PluginLoaderForge.java:23) ~[ShoulderSurfing-Forge-1.20.1-4.12.0.jar%23449!/:1.20.1-4.12.0]
	at com.github.exopandora.shouldersurfing.forge.ShoulderSurfingForge.loadComplete(ShoulderSurfingForge.java:74) ~[ShoulderSurfing-Forge-1.20.1-4.12.0.jar%23449!/:1.20.1-4.12.0]
	at net.minecraftforge.eventbus.EventBus.doCastFilter(EventBus.java:260) ~[eventbus-6.0.5.jar%2352!/:?]
	at net.minecraftforge.eventbus.EventBus.lambda$addListener$11(EventBus.java:252) ~[eventbus-6.0.5.jar%2352!/:?]
	at net.minecraftforge.eventbus.EventBus.post(EventBus.java:315) ~[eventbus-6.0.5.jar%2352!/:?]
	at net.minecraftforge.eventbus.EventBus.post(EventBus.java:296) ~[eventbus-6.0.5.jar%2352!/:?]
	at net.minecraftforge.fml.javafmlmod.FMLModContainer.acceptEvent(FMLModContainer.java:114) ~[javafmllanguage-1.20.1-47.3.7.jar%23490!/:?]
	at net.minecraftforge.fml.ModContainer.lambda$buildTransitionHandler$4(ModContainer.java:125) ~[fmlcore-1.20.1-47.3.7.jar%23489!/:?]
	at java.util.concurrent.CompletableFuture$AsyncRun.run(CompletableFuture.java:1804) ~[?:?]
	at java.util.concurrent.CompletableFuture$AsyncRun.exec(CompletableFuture.java:1796) ~[?:?]
	at java.util.concurrent.ForkJoinTask.doExec(ForkJoinTask.java:373) ~[?:?]
	at java.util.concurrent.ForkJoinPool$WorkQueue.topLevelExec(ForkJoinPool.java:1182) ~[?:?]
	at java.util.concurrent.ForkJoinPool.scan(ForkJoinPool.java:1655) ~[?:?]
	at java.util.concurrent.ForkJoinPool.runWorker(ForkJoinPool.java:1622) ~[?:?]
	at java.util.concurrent.ForkJoinWorkerThread.run(ForkJoinWorkerThread.java:165) ~[?:?]
Caused by: java.lang.RuntimeException: Attempted to load class net/minecraft/client/Minecraft for invalid dist DEDICATED_SERVER
	at net.minecraftforge.fml.loading.RuntimeDistCleaner.processClassWithFlags(RuntimeDistCleaner.java:57) ~[fmlloader-1.20.1-47.3.7.jar%2369!/:1.0]
	at cpw.mods.modlauncher.LaunchPluginHandler.offerClassNodeToPlugins(LaunchPluginHandler.java:88) ~[modlauncher-10.0.9.jar%2355!/:?]
	at cpw.mods.modlauncher.ClassTransformer.transform(ClassTransformer.java:120) ~[modlauncher-10.0.9.jar%2355!/:?]
	at cpw.mods.modlauncher.TransformingClassLoader.maybeTransformClassBytes(TransformingClassLoader.java:50) ~[modlauncher-10.0.9.jar%2355!/:?]
	at cpw.mods.cl.ModuleClassLoader.readerToClass(ModuleClassLoader.java:113) ~[securejarhandler-2.1.10.jar:?]
	at cpw.mods.cl.ModuleClassLoader.lambda$findClass$15(ModuleClassLoader.java:219) ~[securejarhandler-2.1.10.jar:?]
	at cpw.mods.cl.ModuleClassLoader.loadFromModule(ModuleClassLoader.java:229) ~[securejarhandler-2.1.10.jar:?]
	at cpw.mods.cl.ModuleClassLoader.findClass(ModuleClassLoader.java:219) ~[securejarhandler-2.1.10.jar:?]
	at cpw.mods.cl.ModuleClassLoader.loadClass(ModuleClassLoader.java:135) ~[securejarhandler-2.1.10.jar:?]
	at java.lang.ClassLoader.loadClass(ClassLoader.java:525) ~[?:?]
	... 18 more
[02Apr2026 22:36:31.554] [modloading-worker-0/INFO] [ShoulderSurfing/]: Registering plugin for Spartan Weaponry (spartanweaponry)
[02Apr2026 22:36:31.561] [modloading-worker-0/ERROR] [net.minecraftforge.fml.loading.RuntimeDistCleaner/DISTXFORM]: Attempted to load class net/minecraft/client/Minecraft for invalid dist DEDICATED_SERVER
[02Apr2026 22:36:31.565] [modloading-worker-0/ERROR] [ShoulderSurfing/]: Failed to load plugin for Spartan Weaponry (spartanweaponry)
java.lang.BootstrapMethodError: java.lang.RuntimeException: Attempted to load class net/minecraft/client/Minecraft for invalid dist DEDICATED_SERVER
	at com.github.exopandora.shouldersurfing.api.plugin.IShoulderSurfingRegistrar.registerAdaptiveItemCallback(IShoulderSurfingRegistrar.java:19) ~[ShoulderSurfing-Forge-1.20.1-4.12.0.jar%23449!/:1.20.1-4.12.0]
	at com.oblivioussp.spartanweaponry.compat.shouldersurfing.ShoulderSurfingPlugin.register(ShoulderSurfingPlugin.java:12) ~[SpartanWeaponry-1.20.1-forge-3.1.3-all.jar%23460!/:1.20.1-forge-3.1.3]
	at com.github.exopandora.shouldersurfing.plugin.PluginLoader.loadPlugin(PluginLoader.java:40) ~[ShoulderSurfing-Forge-1.20.1-4.12.0.jar%23449!/:1.20.1-4.12.0]
	at com.github.exopandora.shouldersurfing.plugin.PluginLoader.loadPlugin(PluginLoader.java:23) ~[ShoulderSurfing-Forge-1.20.1-4.12.0.jar%23449!/:1.20.1-4.12.0]
	at com.github.exopandora.shouldersurfing.forge.plugin.PluginLoaderForge.loadPlugins(PluginLoaderForge.java:23) ~[ShoulderSurfing-Forge-1.20.1-4.12.0.jar%23449!/:1.20.1-4.12.0]
	at com.github.exopandora.shouldersurfing.forge.ShoulderSurfingForge.loadComplete(ShoulderSurfingForge.java:74) ~[ShoulderSurfing-Forge-1.20.1-4.12.0.jar%23449!/:1.20.1-4.12.0]
	at net.minecraftforge.eventbus.EventBus.doCastFilter(EventBus.java:260) ~[eventbus-6.0.5.jar%2352!/:?]
	at net.minecraftforge.eventbus.EventBus.lambda$addListener$11(EventBus.java:252) ~[eventbus-6.0.5.jar%2352!/:?]
	at net.minecraftforge.eventbus.EventBus.post(EventBus.java:315) ~[eventbus-6.0.5.jar%2352!/:?]
	at net.minecraftforge.eventbus.EventBus.post(EventBus.java:296) ~[eventbus-6.0.5.jar%2352!/:?]
	at net.minecraftforge.fml.javafmlmod.FMLModContainer.acceptEvent(FMLModContainer.java:114) ~[javafmllanguage-1.20.1-47.3.7.jar%23490!/:?]
	at net.minecraftforge.fml.ModContainer.lambda$buildTransitionHandler$4(ModContainer.java:125) ~[fmlcore-1.20.1-47.3.7.jar%23489!/:?]
	at java.util.concurrent.CompletableFuture$AsyncRun.run(CompletableFuture.java:1804) ~[?:?]
	at java.util.concurrent.CompletableFuture$AsyncRun.exec(CompletableFuture.java:1796) ~[?:?]
	at java.util.concurrent.ForkJoinTask.doExec(ForkJoinTask.java:373) ~[?:?]
	at java.util.concurrent.ForkJoinPool$WorkQueue.topLevelExec(ForkJoinPool.java:1182) ~[?:?]
	at java.util.concurrent.ForkJoinPool.scan(ForkJoinPool.java:1655) ~[?:?]
	at java.util.concurrent.ForkJoinPool.runWorker(ForkJoinPool.java:1622) ~[?:?]
	at java.util.concurrent.ForkJoinWorkerThread.run(ForkJoinWorkerThread.java:165) ~[?:?]
Caused by: java.lang.RuntimeException: Attempted to load class net/minecraft/client/Minecraft for invalid dist DEDICATED_SERVER
	at net.minecraftforge.fml.loading.RuntimeDistCleaner.processClassWithFlags(RuntimeDistCleaner.java:57) ~[fmlloader-1.20.1-47.3.7.jar%2369!/:1.0]
	at cpw.mods.modlauncher.LaunchPluginHandler.offerClassNodeToPlugins(LaunchPluginHandler.java:88) ~[modlauncher-10.0.9.jar%2355!/:?]
	at cpw.mods.modlauncher.ClassTransformer.transform(ClassTransformer.java:120) ~[modlauncher-10.0.9.jar%2355!/:?]
	at cpw.mods.modlauncher.TransformingClassLoader.maybeTransformClassBytes(TransformingClassLoader.java:50) ~[modlauncher-10.0.9.jar%2355!/:?]
	at cpw.mods.cl.ModuleClassLoader.readerToClass(ModuleClassLoader.java:113) ~[securejarhandler-2.1.10.jar:?]
	at cpw.mods.cl.ModuleClassLoader.lambda$findClass$15(ModuleClassLoader.java:219) ~[securejarhandler-2.1.10.jar:?]
	at cpw.mods.cl.ModuleClassLoader.loadFromModule(ModuleClassLoader.java:229) ~[securejarhandler-2.1.10.jar:?]
	at cpw.mods.cl.ModuleClassLoader.findClass(ModuleClassLoader.java:219) ~[securejarhandler-2.1.10.jar:?]
	at cpw.mods.cl.ModuleClassLoader.loadClass(ModuleClassLoader.java:135) ~[securejarhandler-2.1.10.jar:?]
	at java.lang.ClassLoader.loadClass(ClassLoader.java:525) ~[?:?]
	... 19 more
[02Apr2026 22:36:31.575] [modloading-worker-0/INFO] [ShoulderSurfing/]: Registering plugin for Third Person Shooting: Zero (tp_shooting)
[02Apr2026 22:36:31.579] [modloading-worker-0/ERROR] [ShoulderSurfing/]: Failed to load plugin for Third Person Shooting: Zero (tp_shooting)
java.lang.BootstrapMethodError: java.lang.RuntimeException: Attempted to load class net/minecraft/client/Minecraft for invalid dist DEDICATED_SERVER
	at com.github.exopandora.shouldersurfing.api.plugin.IShoulderSurfingRegistrar.registerAdaptiveItemCallback(IShoulderSurfingRegistrar.java:19) ~[ShoulderSurfing-Forge-1.20.1-4.12.0.jar%23449!/:1.20.1-4.12.0]
	at mod.chloeprime.thirdpersonshooting.client.TpsSsPlugin.register(TpsSsPlugin.java:11) ~[tp_shooting-1.20.1-5.1.0-all.jar%23475!/:1.20.1-5.1.0]
	at com.github.exopandora.shouldersurfing.plugin.PluginLoader.loadPlugin(PluginLoader.java:40) ~[ShoulderSurfing-Forge-1.20.1-4.12.0.jar%23449!/:1.20.1-4.12.0]
	at com.github.exopandora.shouldersurfing.plugin.PluginLoader.loadPlugin(PluginLoader.java:23) ~[ShoulderSurfing-Forge-1.20.1-4.12.0.jar%23449!/:1.20.1-4.12.0]
	at com.github.exopandora.shouldersurfing.forge.plugin.PluginLoaderForge.loadPlugins(PluginLoaderForge.java:23) ~[ShoulderSurfing-Forge-1.20.1-4.12.0.jar%23449!/:1.20.1-4.12.0]
	at com.github.exopandora.shouldersurfing.forge.ShoulderSurfingForge.loadComplete(ShoulderSurfingForge.java:74) ~[ShoulderSurfing-Forge-1.20.1-4.12.0.jar%23449!/:1.20.1-4.12.0]
	at net.minecraftforge.eventbus.EventBus.doCastFilter(EventBus.java:260) ~[eventbus-6.0.5.jar%2352!/:?]
	at net.minecraftforge.eventbus.EventBus.lambda$addListener$11(EventBus.java:252) ~[eventbus-6.0.5.jar%2352!/:?]
	at net.minecraftforge.eventbus.EventBus.post(EventBus.java:315) ~[eventbus-6.0.5.jar%2352!/:?]
	at net.minecraftforge.eventbus.EventBus.post(EventBus.java:296) ~[eventbus-6.0.5.jar%2352!/:?]
	at net.minecraftforge.fml.javafmlmod.FMLModContainer.acceptEvent(FMLModContainer.java:114) ~[javafmllanguage-1.20.1-47.3.7.jar%23490!/:?]
	at net.minecraftforge.fml.ModContainer.lambda$buildTransitionHandler$4(ModContainer.java:125) ~[fmlcore-1.20.1-47.3.7.jar%23489!/:?]
	at java.util.concurrent.CompletableFuture$AsyncRun.run(CompletableFuture.java:1804) ~[?:?]
	at java.util.concurrent.CompletableFuture$AsyncRun.exec(CompletableFuture.java:1796) ~[?:?]
	at java.util.concurrent.ForkJoinTask.doExec(ForkJoinTask.java:373) ~[?:?]
	at java.util.concurrent.ForkJoinPool$WorkQueue.topLevelExec(ForkJoinPool.java:1182) ~[?:?]
	at java.util.concurrent.ForkJoinPool.scan(ForkJoinPool.java:1655) ~[?:?]
	at java.util.concurrent.ForkJoinPool.runWorker(ForkJoinPool.java:1622) ~[?:?]
	at java.util.concurrent.ForkJoinWorkerThread.run(ForkJoinWorkerThread.java:165) ~[?:?]
[02Apr2026 22:36:31.585] [modloading-worker-0/INFO] [ShoulderSurfing/]: Freezing plugin registrar
[02Apr2026 22:36:31.665] [modloading-worker-0/ERROR] [ihh.propertymodifier.Logger/]: Could not find rarity  mentioned in entry "test" = 
[02Apr2026 22:36:31.687] [Forge Version Check/INFO] [net.minecraftforge.fml.VersionChecker/]: [forge] Found status: OUTDATED Current: 47.3.7 Target: 47.4.10
[02Apr2026 22:36:31.687] [Forge Version Check/INFO] [net.minecraftforge.fml.VersionChecker/]: [cofh_core] Starting version check at https://raw.github.com/cofh/version/main/cofh_core/update.json
[02Apr2026 22:36:31.700] [modloading-worker-0/ERROR] [ihh.propertymodifier.Logger/]: Could not find rarity  mentioned in entry "test" = 
[02Apr2026 22:36:32.064] [Forge Version Check/INFO] [net.minecraftforge.fml.VersionChecker/]: [cofh_core] Found status: AHEAD Current: 11.0.2 Target: null
[02Apr2026 22:36:32.065] [Forge Version Check/INFO] [net.minecraftforge.fml.VersionChecker/]: [voicechat] Starting version check at https://update.maxhenkel.de/forge/voicechat
[02Apr2026 22:36:32.094] [Forge Version Check/INFO] [net.minecraftforge.fml.VersionChecker/]: [voicechat] Found status: OUTDATED Current: 1.20.1-2.5.30 Target: 1.20.1-2.6.6
[02Apr2026 22:36:32.094] [Forge Version Check/INFO] [net.minecraftforge.fml.VersionChecker/]: [sound_physics_remastered] Starting version check at https://update.maxhenkel.de/forge/sound_physics_remastered
[02Apr2026 22:36:32.118] [Forge Version Check/INFO] [net.minecraftforge.fml.VersionChecker/]: [sound_physics_remastered] Found status: OUTDATED Current: 1.20.1-1.4.10 Target: 1.20.1-1.5.1
[02Apr2026 22:36:32.118] [Forge Version Check/INFO] [net.minecraftforge.fml.VersionChecker/]: [securitycraft] Starting version check at https://www.github.com/Geforce132/SecurityCraft/raw/master/Updates/Forge.json
[02Apr2026 22:36:32.391] [Forge Version Check/INFO] [net.minecraftforge.fml.VersionChecker/]: [securitycraft] Found status: OUTDATED Current: 1.10.0.1 Target: 1.10.1
[02Apr2026 22:36:32.392] [Forge Version Check/INFO] [net.minecraftforge.fml.VersionChecker/]: [ambientenvironment] Starting version check at https://updates.blamejared.com/get?n=AmbientEnvironment&gv=1.20.1
[02Apr2026 22:36:32.421] [Forge Version Check/INFO] [net.minecraftforge.fml.VersionChecker/]: [ambientenvironment] Found status: BETA Current: 11.0.0.1 Target: 11.0.0.1
[02Apr2026 22:36:32.421] [Forge Version Check/INFO] [net.minecraftforge.fml.VersionChecker/]: [puzzleslib] Starting version check at https://raw.githubusercontent.com/Fuzss/modresources/main/update/puzzleslib.json
[02Apr2026 22:36:32.434] [Forge Version Check/INFO] [net.minecraftforge.fml.VersionChecker/]: [puzzleslib] Found status: OUTDATED Current: 8.1.32 Target: 8.1.33
[02Apr2026 22:36:32.434] [Forge Version Check/INFO] [net.minecraftforge.fml.VersionChecker/]: [tipsmod] Starting version check at https://updates.blamejared.com/get?n=tipsmod&gv=1.20.1
[02Apr2026 22:36:32.461] [Forge Version Check/INFO] [net.minecraftforge.fml.VersionChecker/]: [tipsmod] Found status: BETA_OUTDATED Current: 12.1.8 Target: 12.1.9
[02Apr2026 22:36:32.461] [Forge Version Check/INFO] [net.minecraftforge.fml.VersionChecker/]: [dynamiclights] Starting version check at https://api.modrinth.com/updates/7YjclEGc/forge_updates.json?forge=only
[02Apr2026 22:36:32.678] [Forge Version Check/INFO] [net.minecraftforge.fml.VersionChecker/]: [dynamiclights] Found status: OUTDATED Current: 1.8.6+mod Target: 1.9+mod
[02Apr2026 22:36:32.679] [Forge Version Check/INFO] [net.minecraftforge.fml.VersionChecker/]: [controlling] Starting version check at https://updates.blamejared.com/get?n=controlling&gv=1.20.1
[02Apr2026 22:36:32.706] [Forge Version Check/INFO] [net.minecraftforge.fml.VersionChecker/]: [controlling] Found status: BETA Current: 12.0.2 Target: 12.0.2
[02Apr2026 22:36:32.706] [Forge Version Check/INFO] [net.minecraftforge.fml.VersionChecker/]: [bookshelf] Starting version check at https://updates.blamejared.com/get?n=bookshelf&gv=1.20.1
[02Apr2026 22:36:32.733] [Forge Version Check/INFO] [net.minecraftforge.fml.VersionChecker/]: [bookshelf] Found status: BETA_OUTDATED Current: 20.2.13 Target: 20.2.15
[02Apr2026 22:36:32.733] [Forge Version Check/INFO] [net.minecraftforge.fml.VersionChecker/]: [uteamcore] Starting version check at https://api.u-team.info/update/uteamcore.json
[02Apr2026 22:36:33.025] [Forge Version Check/INFO] [net.minecraftforge.fml.VersionChecker/]: [uteamcore] Found status: UP_TO_DATE Current: 5.1.4.382 Target: null
[02Apr2026 22:36:33.025] [Forge Version Check/INFO] [net.minecraftforge.fml.VersionChecker/]: [refurbished_furniture] Starting version check at https://mrcrayfish.com/api/mod_update/forge/refurbished_furniture
[02Apr2026 22:36:33.133] [Forge Version Check/WARN] [net.minecraftforge.fml.VersionChecker/]: Failed to process update information
com.google.gson.JsonSyntaxException: java.lang.IllegalStateException: Expected BEGIN_OBJECT but was STRING at line 1 column 1 path $
	at com.google.gson.Gson.fromJson(Gson.java:1226) ~[gson-2.10.jar%2372!/:?]
	at com.google.gson.Gson.fromJson(Gson.java:1124) ~[gson-2.10.jar%2372!/:?]
	at com.google.gson.Gson.fromJson(Gson.java:1034) ~[gson-2.10.jar%2372!/:?]
	at com.google.gson.Gson.fromJson(Gson.java:969) ~[gson-2.10.jar%2372!/:?]
	at net.minecraftforge.fml.VersionChecker$1.process(VersionChecker.java:183) ~[fmlcore-1.20.1-47.3.7.jar%23489!/:?]
	at java.lang.Iterable.forEach(Iterable.java:75) ~[?:?]
	at net.minecraftforge.fml.VersionChecker$1.run(VersionChecker.java:114) ~[fmlcore-1.20.1-47.3.7.jar%23489!/:?]
Caused by: java.lang.IllegalStateException: Expected BEGIN_OBJECT but was STRING at line 1 column 1 path $
	at com.google.gson.stream.JsonReader.beginObject(JsonReader.java:393) ~[gson-2.10.jar%2372!/:?]
	at com.google.gson.internal.bind.MapTypeAdapterFactory$Adapter.read(MapTypeAdapterFactory.java:182) ~[gson-2.10.jar%2372!/:?]
	at com.google.gson.internal.bind.MapTypeAdapterFactory$Adapter.read(MapTypeAdapterFactory.java:144) ~[gson-2.10.jar%2372!/:?]
	at com.google.gson.Gson.fromJson(Gson.java:1214) ~[gson-2.10.jar%2372!/:?]
	... 6 more
[02Apr2026 22:36:33.135] [Forge Version Check/INFO] [net.minecraftforge.fml.VersionChecker/]: [craftpresence] Starting version check at https://raw.githubusercontent.com/CDAGaming/VersionLibrary/master/CraftPresence/update.json
[02Apr2026 22:36:33.157] [Forge Version Check/INFO] [net.minecraftforge.fml.VersionChecker/]: [craftpresence] Found status: AHEAD Current: 2.6.1 Target: null
[02Apr2026 22:36:33.158] [Forge Version Check/INFO] [net.minecraftforge.fml.VersionChecker/]: [clumps] Starting version check at https://updates.blamejared.com/get?n=clumps&gv=1.20.1
[02Apr2026 22:36:33.184] [Forge Version Check/INFO] [net.minecraftforge.fml.VersionChecker/]: [clumps] Found status: BETA Current: 12.0.0.4 Target: 12.0.0.4
[02Apr2026 22:36:33.184] [Forge Version Check/INFO] [net.minecraftforge.fml.VersionChecker/]: [badmobs] Starting version check at https://updates.blamejared.com/get?n=badmobs&gv=1.20.1
[02Apr2026 22:36:33.209] [Forge Version Check/INFO] [net.minecraftforge.fml.VersionChecker/]: [badmobs] Found status: BETA Current: 19.0.4 Target: 19.0.4
[02Apr2026 22:36:33.210] [Forge Version Check/INFO] [net.minecraftforge.fml.VersionChecker/]: [enchdesc] Starting version check at https://updates.blamejared.com/get?n=enchdesc&gv=1.20.1
[02Apr2026 22:36:33.237] [Forge Version Check/INFO] [net.minecraftforge.fml.VersionChecker/]: [enchdesc] Found status: BETA_OUTDATED Current: 17.1.19 Target: 17.1.21
[02Apr2026 22:36:33.238] [Forge Version Check/INFO] [net.minecraftforge.fml.VersionChecker/]: [moonlight] Starting version check at https://raw.githubusercontent.com/MehVahdJukaar/Moonlight/multi-loader/forge/update.json
[02Apr2026 22:36:33.247] [Forge Version Check/INFO] [net.minecraftforge.fml.VersionChecker/]: [moonlight] Found status: BETA Current: 1.20-2.13.82 Target: null
[02Apr2026 22:36:33.247] [Forge Version Check/INFO] [net.minecraftforge.fml.VersionChecker/]: [smoothboot] Starting version check at https://github.com/AbdElAziz333/SmoothBoot-Reloaded/raw/mc1.20.1/dev/updates.json
[02Apr2026 22:36:33.301] [Forge Version Check/WARN] [net.minecraftforge.fml.VersionChecker/]: Failed to process update information
com.google.gson.JsonSyntaxException: java.lang.IllegalStateException: Expected BEGIN_OBJECT but was STRING at line 9 column 1 path $
	at com.google.gson.Gson.fromJson(Gson.java:1226) ~[gson-2.10.jar%2372!/:?]
	at com.google.gson.Gson.fromJson(Gson.java:1124) ~[gson-2.10.jar%2372!/:?]
	at com.google.gson.Gson.fromJson(Gson.java:1034) ~[gson-2.10.jar%2372!/:?]
	at com.google.gson.Gson.fromJson(Gson.java:969) ~[gson-2.10.jar%2372!/:?]
	at net.minecraftforge.fml.VersionChecker$1.process(VersionChecker.java:183) ~[fmlcore-1.20.1-47.3.7.jar%23489!/:?]
	at java.lang.Iterable.forEach(Iterable.java:75) ~[?:?]
	at net.minecraftforge.fml.VersionChecker$1.run(VersionChecker.java:114) ~[fmlcore-1.20.1-47.3.7.jar%23489!/:?]
Caused by: java.lang.IllegalStateException: Expected BEGIN_OBJECT but was STRING at line 9 column 1 path $
	at com.google.gson.stream.JsonReader.beginObject(JsonReader.java:393) ~[gson-2.10.jar%2372!/:?]
	at com.google.gson.internal.bind.MapTypeAdapterFactory$Adapter.read(MapTypeAdapterFactory.java:182) ~[gson-2.10.jar%2372!/:?]
	at com.google.gson.internal.bind.MapTypeAdapterFactory$Adapter.read(MapTypeAdapterFactory.java:144) ~[gson-2.10.jar%2372!/:?]
	at com.google.gson.Gson.fromJson(Gson.java:1214) ~[gson-2.10.jar%2372!/:?]
	... 6 more
[02Apr2026 22:36:33.304] [Forge Version Check/INFO] [net.minecraftforge.fml.VersionChecker/]: [packetfixer] Starting version check at https://api.modrinth.com/updates/packet-fixer/forge_updates.json
[02Apr2026 22:36:33.497] [Forge Version Check/INFO] [net.minecraftforge.fml.VersionChecker/]: [packetfixer] Found status: OUTDATED Current: 2.0.0 Target: 3.3.1
[02Apr2026 22:36:33.498] [Forge Version Check/INFO] [net.minecraftforge.fml.VersionChecker/]: [openloader] Starting version check at https://updates.blamejared.com/get?n=openloader&gv=1.20.1
[02Apr2026 22:36:33.525] [Forge Version Check/INFO] [net.minecraftforge.fml.VersionChecker/]: [openloader] Found status: BETA_OUTDATED Current: 19.0.4 Target: 19.0.5
[02Apr2026 22:36:39.650] [main/INFO] [com.mojang.authlib.yggdrasil.YggdrasilAuthenticationService/]: Environment: authHost='https://authserver.mojang.com', accountsHost='https://api.mojang.com', sessionHost='https://sessionserver.mojang.com', servicesHost='https://api.minecraftservices.com', name='PROD'
[02Apr2026 22:36:46.823] [main/WARN] [net.minecraft.server.packs.VanillaPackResourcesBuilder/]: Assets URL 'union:/workspaces/4k/servidor_minecraft/libraries/net/minecraft/server/1.20.1-20230612.114412/server-1.20.1-20230612.114412-srg.jar%23488!/assets/.mcassetsroot' uses unexpected schema
[02Apr2026 22:36:46.824] [main/WARN] [net.minecraft.server.packs.VanillaPackResourcesBuilder/]: Assets URL 'union:/workspaces/4k/servidor_minecraft/libraries/net/minecraft/server/1.20.1-20230612.114412/server-1.20.1-20230612.114412-srg.jar%23488!/data/.mcassetsroot' uses unexpected schema
[02Apr2026 22:36:46.896] [main/INFO] [Open Loader/]: Preparing Data Pack injection.
[02Apr2026 22:36:46.901] [main/INFO] [Open Loader/]: Loaded archive Data Pack from /workspaces/4k/servidor_minecraft/config/openloader/data/CWRecipeChanges.zip.
[02Apr2026 22:36:46.901] [main/INFO] [Open Loader/]: Successfully injected 1/1 packs from /workspaces/4k/servidor_minecraft/config/openloader/data.
[02Apr2026 22:36:47.006] [main/INFO] [com.ordana.immersive_weathering.ImmersiveWeathering/]: Generated runtime SERVER_DATA for pack Immersive Weathering Generated Pack (immersive_weathering) in: 12 ms
[02Apr2026 22:36:47.044] [main/INFO] [com.ordana.immersive_weathering.ImmersiveWeathering/]: Generated runtime SERVER_DATA for pack Immersive Weathering Generated Pack (immersive_weathering) in: 1 ms
[02Apr2026 22:36:47.084] [main/INFO] [KubeJS Server/]: Loaded script server_scripts:itemRecipeBlacklist.js in 0.006 s
[02Apr2026 22:36:47.085] [main/INFO] [KubeJS Server/]: Loaded script server_scripts:cursedwalkingrecipechanges.js in 0.001 s
[02Apr2026 22:36:47.087] [main/INFO] [KubeJS Server/]: Loaded script server_scripts:matt's_stims_server.js in 0.002 s
[02Apr2026 22:36:47.093] [main/INFO] [KubeJS Server/]: Loaded script server_scripts:gamestages_progression.js in 0.006 s
[02Apr2026 22:36:47.095] [main/INFO] [KubeJS Server/]: Loaded script server_scripts:CWR/LootJS/MarbledsFirstAidLootTable.js in 0.002 s
[02Apr2026 22:36:47.096] [main/INFO] [KubeJS Server/]: Loaded 5/5 KubeJS server scripts in 0.039 s with 0 errors and 0 warnings
[02Apr2026 22:36:47.096] [main/INFO] [KubeJS Server/]: Scripts loaded
[02Apr2026 22:36:47.110] [main/INFO] [KubeJS Server/]: Initializing recipe event...
[02Apr2026 22:36:48.912] [main/INFO] [Spartan Weaponry/]: Finished registering commands for Spartan Weaponry!
[02Apr2026 22:36:48.992] [main/INFO] [com.github.alexthe666.alexsmobs.AlexsMobs/]: Adding datapack listener capsid_recipes
[02Apr2026 22:36:49.056] [Worker-Main-6/ERROR] [net.minecraft.tags.TagLoader/]: Couldn't load tag minecraft:placeable as it is missing following references: tacz:blood_strike_1 (from data/CWRecipeChanges.zip)
[02Apr2026 22:36:49.352] [Worker-Main-5/INFO] [KubeJS Server/]: [minecraft:item] Found 956 tags, added 18 objects, removed 0 objects
[02Apr2026 22:36:49.394] [Worker-Main-12/INFO] [KubeJS Server/]: [minecraft:block] Found 622 tags, added 2 objects, removed 0 objects
[02Apr2026 22:36:49.415] [Worker-Main-12/ERROR] [net.minecraft.tags.TagLoader/]: Couldn't load tag fabric:mineable/needs_tool_level_3 as it is missing following references: netherite_ore_mod:ancientdebrisore (from Sky's Overworld Netherite 2.6 1.20.1 Forge.jar), 
	netherite_ore_mod:deepslate_ancient_debris_ore (from Sky's Overworld Netherite 2.6 1.20.1 Forge.jar), 
	netherite_ore_mod:netherite_ancient_debris_ore (from Sky's Overworld Netherite 2.6 1.20.1 Forge.jar)
[02Apr2026 22:36:49.416] [Worker-Main-12/ERROR] [net.minecraft.tags.TagLoader/]: Couldn't load tag tacz:interact_key/whitelist as it is missing following references: tacz:workbench_a (from data/CWRecipeChanges.zip), 
	tacz:workbench_b (from data/CWRecipeChanges.zip), 
	tacz:workbench_c (from data/CWRecipeChanges.zip)
[02Apr2026 22:36:49.549] [Worker-Main-3/ERROR] [net.minecraft.server.packs.resources.SimpleJsonResourceReloadListener/]: Couldn't parse data file tacz:misc/blood_strike_1 from tacz:recipes/misc/blood_strike_1.json
com.google.gson.JsonParseException: com.google.gson.stream.MalformedJsonException: Expected ':' at line 27 column 10 path $.result.item.nbt.BlockId.sfms:ms_workbench
	at net.minecraft.util.GsonHelper.m_13780_(GsonHelper.java:526) ~[server-1.20.1-20230612.114412-srg.jar%23488!/:?]
	at net.minecraft.util.GsonHelper.m_263475_(GsonHelper.java:531) ~[server-1.20.1-20230612.114412-srg.jar%23488!/:?]
	at net.minecraft.util.GsonHelper.m_13776_(GsonHelper.java:581) ~[server-1.20.1-20230612.114412-srg.jar%23488!/:?]
	at net.minecraft.server.packs.resources.SimpleJsonResourceReloadListener.m_278771_(SimpleJsonResourceReloadListener.java:41) ~[server-1.20.1-20230612.114412-srg.jar%23488!/:?]
	at net.minecraft.server.packs.resources.SimpleJsonResourceReloadListener.m_5944_(SimpleJsonResourceReloadListener.java:29) ~[server-1.20.1-20230612.114412-srg.jar%23488!/:?]
	at net.minecraft.server.packs.resources.SimpleJsonResourceReloadListener.m_5944_(SimpleJsonResourceReloadListener.java:17) ~[server-1.20.1-20230612.114412-srg.jar%23488!/:?]
	at net.minecraft.server.packs.resources.SimplePreparableReloadListener.m_10786_(SimplePreparableReloadListener.java:11) ~[server-1.20.1-20230612.114412-srg.jar%23488!/:?]
	at java.util.concurrent.CompletableFuture$AsyncSupply.run(CompletableFuture.java:1768) ~[?:?]
	at java.util.concurrent.CompletableFuture$AsyncSupply.exec(CompletableFuture.java:1760) ~[?:?]
	at java.util.concurrent.ForkJoinTask.doExec(ForkJoinTask.java:373) ~[?:?]
	at java.util.concurrent.ForkJoinPool$WorkQueue.topLevelExec(ForkJoinPool.java:1182) ~[?:?]
	at java.util.concurrent.ForkJoinPool.scan(ForkJoinPool.java:1655) ~[?:?]
	at java.util.concurrent.ForkJoinPool.runWorker(ForkJoinPool.java:1622) ~[?:?]
	at java.util.concurrent.ForkJoinWorkerThread.run(ForkJoinWorkerThread.java:165) ~[?:?]
Caused by: com.google.gson.stream.MalformedJsonException: Expected ':' at line 27 column 10 path $.result.item.nbt.BlockId.sfms:ms_workbench
	at com.google.gson.stream.JsonReader.syntaxError(JsonReader.java:1657) ~[gson-2.10.jar%2372!/:?]
	at com.google.gson.stream.JsonReader.doPeek(JsonReader.java:539) ~[gson-2.10.jar%2372!/:?]
	at com.google.gson.stream.JsonReader.peek(JsonReader.java:433) ~[gson-2.10.jar%2372!/:?]
	at com.google.gson.internal.bind.TypeAdapters$28.read(TypeAdapters.java:786) ~[gson-2.10.jar%2372!/:?]
	at com.google.gson.internal.bind.TypeAdapters$28.read(TypeAdapters.java:725) ~[gson-2.10.jar%2372!/:?]
	at com.google.gson.internal.bind.TypeAdapters$34$1.read(TypeAdapters.java:1007) ~[gson-2.10.jar%2372!/:?]
	at net.minecraft.util.GsonHelper.m_13780_(GsonHelper.java:524) ~[server-1.20.1-20230612.114412-srg.jar%23488!/:?]
	... 13 more
[02Apr2026 22:36:49.831] [Worker-Main-21/INFO] [Spartan Weaponry/]: Adding Diamond Weapons to the End City Treasure Loot Table!
[02Apr2026 22:36:49.909] [Worker-Main-21/INFO] [Spartan Weaponry/]: Adding Longbow and Heavy Crossbow related loot to the Village Fletcher Loot Table!
[02Apr2026 22:36:49.945] [Worker-Main-21/ERROR] [net.minecraftforge.common.ForgeHooks/]: Couldn't parse element loot_tables:item_scrapper:blocks/scrapper_block
com.google.gson.JsonSyntaxException: Expected name to be an item, was unknown string 'gun_scrapper:scrapper_block'
	at net.minecraft.util.GsonHelper.m_13866_(GsonHelper.java:145) ~[server-1.20.1-20230612.114412-srg.jar%23488!/:?]
	at java.util.Optional.orElseThrow(Optional.java:403) ~[?:?]
	at net.minecraft.util.GsonHelper.m_13874_(GsonHelper.java:145) ~[server-1.20.1-20230612.114412-srg.jar%23488!/:?]
	at net.minecraft.util.GsonHelper.m_13909_(GsonHelper.java:153) ~[server-1.20.1-20230612.114412-srg.jar%23488!/:?]
	at net.minecraft.world.level.storage.loot.entries.LootItem$Serializer.m_7267_(LootItem.java:55) ~[server-1.20.1-20230612.114412-srg.jar%23488!/:?]
	at net.minecraft.world.level.storage.loot.entries.LootItem$Serializer.m_7267_(LootItem.java:40) ~[server-1.20.1-20230612.114412-srg.jar%23488!/:?]
	at net.minecraft.world.level.storage.loot.entries.LootPoolSingletonContainer$Serializer.m_5921_(LootPoolSingletonContainer.java:151) ~[server-1.20.1-20230612.114412-srg.jar%23488!/:?]
	at net.minecraft.world.level.storage.loot.entries.LootPoolSingletonContainer$Serializer.m_5921_(LootPoolSingletonContainer.java:129) ~[server-1.20.1-20230612.114412-srg.jar%23488!/:?]
	at net.minecraft.world.level.storage.loot.entries.LootPoolEntryContainer$Serializer.m_7561_(LootPoolEntryContainer.java:86) ~[server-1.20.1-20230612.114412-srg.jar%23488!/:?]
	at net.minecraft.world.level.storage.loot.entries.LootPoolEntryContainer$Serializer.m_7561_(LootPoolEntryContainer.java:74) ~[server-1.20.1-20230612.114412-srg.jar%23488!/:?]
	at net.minecraft.world.level.storage.loot.GsonAdapterFactory$JsonAdapter.deserialize(GsonAdapterFactory.java:102) ~[server-1.20.1-20230612.114412-srg.jar%23488!/:?]
	at com.google.gson.internal.bind.TreeTypeAdapter.read(TreeTypeAdapter.java:76) ~[gson-2.10.jar%2372!/:?]
	at com.google.gson.internal.bind.TypeAdapterRuntimeTypeWrapper.read(TypeAdapterRuntimeTypeWrapper.java:40) ~[gson-2.10.jar%2372!/:?]
	at com.google.gson.internal.bind.ArrayTypeAdapter.read(ArrayTypeAdapter.java:72) ~[gson-2.10.jar%2372!/:?]
	at com.google.gson.Gson.fromJson(Gson.java:1214) ~[gson-2.10.jar%2372!/:?]
	at com.google.gson.Gson.fromJson(Gson.java:1319) ~[gson-2.10.jar%2372!/:?]
	at com.google.gson.Gson.fromJson(Gson.java:1290) ~[gson-2.10.jar%2372!/:?]
	at com.google.gson.internal.bind.TreeTypeAdapter$GsonContextImpl.deserialize(TreeTypeAdapter.java:179) ~[gson-2.10.jar%2372!/:?]
	at net.minecraft.util.GsonHelper.m_13808_(GsonHelper.java:463) ~[server-1.20.1-20230612.114412-srg.jar%23488!/:?]
	at net.minecraft.util.GsonHelper.m_13836_(GsonHelper.java:471) ~[server-1.20.1-20230612.114412-srg.jar%23488!/:?]
	at net.minecraft.world.level.storage.loot.LootPool$Serializer.deserialize(LootPool.java:192) ~[server-1.20.1-20230612.114412-srg.jar%23488!/:?]
	at net.minecraft.world.level.storage.loot.LootPool$Serializer.deserialize(LootPool.java:189) ~[server-1.20.1-20230612.114412-srg.jar%23488!/:?]
	at com.google.gson.internal.bind.TreeTypeAdapter.read(TreeTypeAdapter.java:76) ~[gson-2.10.jar%2372!/:?]
	at com.google.gson.internal.bind.TypeAdapterRuntimeTypeWrapper.read(TypeAdapterRuntimeTypeWrapper.java:40) ~[gson-2.10.jar%2372!/:?]
	at com.google.gson.internal.bind.ArrayTypeAdapter.read(ArrayTypeAdapter.java:72) ~[gson-2.10.jar%2372!/:?]
	at com.google.gson.Gson.fromJson(Gson.java:1214) ~[gson-2.10.jar%2372!/:?]
	at com.google.gson.Gson.fromJson(Gson.java:1319) ~[gson-2.10.jar%2372!/:?]
	at com.google.gson.Gson.fromJson(Gson.java:1290) ~[gson-2.10.jar%2372!/:?]
	at com.google.gson.internal.bind.TreeTypeAdapter$GsonContextImpl.deserialize(TreeTypeAdapter.java:179) ~[gson-2.10.jar%2372!/:?]
	at net.minecraft.util.GsonHelper.m_13808_(GsonHelper.java:463) ~[server-1.20.1-20230612.114412-srg.jar%23488!/:?]
	at net.minecraft.util.GsonHelper.m_13845_(GsonHelper.java:481) ~[server-1.20.1-20230612.114412-srg.jar%23488!/:?]
	at net.minecraft.world.level.storage.loot.LootTable$Serializer.deserialize(LootTable.java:294) ~[server-1.20.1-20230612.114412-srg.jar%23488!/:?]
	at net.minecraft.world.level.storage.loot.LootTable$Serializer.deserialize(LootTable.java:291) ~[server-1.20.1-20230612.114412-srg.jar%23488!/:?]
	at com.google.gson.internal.bind.TreeTypeAdapter.read(TreeTypeAdapter.java:76) ~[gson-2.10.jar%2372!/:?]
	at com.google.gson.Gson.fromJson(Gson.java:1214) ~[gson-2.10.jar%2372!/:?]
	at com.google.gson.Gson.fromJson(Gson.java:1319) ~[gson-2.10.jar%2372!/:?]
	at com.google.gson.Gson.fromJson(Gson.java:1261) ~[gson-2.10.jar%2372!/:?]
	at net.minecraftforge.common.ForgeHooks.loadLootTable(ForgeHooks.java:871) ~[forge-1.20.1-47.3.7-universal.jar%23493!/:?]
	at net.minecraftforge.common.ForgeHooks.lambda$getLootTableDeserializer$3(ForgeHooks.java:848) ~[forge-1.20.1-47.3.7-universal.jar%23493!/:?]
	at net.minecraft.world.level.storage.loot.LootDataType.deserialize(LootDataType.java:45) ~[server-1.20.1-20230612.114412-srg.jar%23488!/:?]
	at net.minecraft.world.level.storage.loot.LootDataManager.lambda$scheduleElementParse$4(LootDataManager.java:56) ~[server-1.20.1-20230612.114412-srg.jar%23488!/:?]
	at java.util.HashMap.forEach(HashMap.java:1421) ~[?:?]
	at net.minecraft.world.level.storage.loot.LootDataManager.m_278660_(LootDataManager.java:55) ~[server-1.20.1-20230612.114412-srg.jar%23488!/:?]
	at java.util.concurrent.CompletableFuture$AsyncRun.run(CompletableFuture.java:1804) ~[?:?]
	at java.util.concurrent.CompletableFuture$AsyncRun.exec(CompletableFuture.java:1796) ~[?:?]
	at java.util.concurrent.ForkJoinTask.doExec(ForkJoinTask.java:373) ~[?:?]
	at java.util.concurrent.ForkJoinPool$WorkQueue.topLevelExec(ForkJoinPool.java:1182) ~[?:?]
	at java.util.concurrent.ForkJoinPool.scan(ForkJoinPool.java:1655) ~[?:?]
	at java.util.concurrent.ForkJoinPool.runWorker(ForkJoinPool.java:1622) ~[?:?]
	at java.util.concurrent.ForkJoinWorkerThread.run(ForkJoinWorkerThread.java:165) ~[?:?]
[02Apr2026 22:36:49.967] [Worker-Main-21/ERROR] [net.minecraftforge.common.ForgeHooks/]: Couldn't parse element loot_tables:tacz:blocks/workbench_c
java.lang.IllegalArgumentException: Can't find block tacz:workbench_c
	at net.minecraft.world.level.storage.loot.predicates.LootItemBlockStatePropertyCondition$Serializer.m_81802_(LootItemBlockStatePropertyCondition.java:79) ~[server-1.20.1-20230612.114412-srg.jar%23488!/:?]
	at java.util.Optional.orElseThrow(Optional.java:403) ~[?:?]
	at net.minecraft.world.level.storage.loot.predicates.LootItemBlockStatePropertyCondition$Serializer.m_7561_(LootItemBlockStatePropertyCondition.java:79) ~[server-1.20.1-20230612.114412-srg.jar%23488!/:?]
	at net.minecraft.world.level.storage.loot.predicates.LootItemBlockStatePropertyCondition$Serializer.m_7561_(LootItemBlockStatePropertyCondition.java:68) ~[server-1.20.1-20230612.114412-srg.jar%23488!/:?]
	at net.minecraft.world.level.storage.loot.GsonAdapterFactory$JsonAdapter.deserialize(GsonAdapterFactory.java:102) ~[server-1.20.1-20230612.114412-srg.jar%23488!/:?]
	at com.google.gson.internal.bind.TreeTypeAdapter.read(TreeTypeAdapter.java:76) ~[gson-2.10.jar%2372!/:?]
	at com.google.gson.internal.bind.TypeAdapterRuntimeTypeWrapper.read(TypeAdapterRuntimeTypeWrapper.java:40) ~[gson-2.10.jar%2372!/:?]
	at com.google.gson.internal.bind.ArrayTypeAdapter.read(ArrayTypeAdapter.java:72) ~[gson-2.10.jar%2372!/:?]
	at com.google.gson.Gson.fromJson(Gson.java:1214) ~[gson-2.10.jar%2372!/:?]
	at com.google.gson.Gson.fromJson(Gson.java:1319) ~[gson-2.10.jar%2372!/:?]
	at com.google.gson.Gson.fromJson(Gson.java:1290) ~[gson-2.10.jar%2372!/:?]
	at com.google.gson.internal.bind.TreeTypeAdapter$GsonContextImpl.deserialize(TreeTypeAdapter.java:179) ~[gson-2.10.jar%2372!/:?]
	at net.minecraft.util.GsonHelper.m_13808_(GsonHelper.java:463) ~[server-1.20.1-20230612.114412-srg.jar%23488!/:?]
	at net.minecraft.util.GsonHelper.m_13845_(GsonHelper.java:481) ~[server-1.20.1-20230612.114412-srg.jar%23488!/:?]
	at net.minecraft.world.level.storage.loot.entries.LootPoolEntryContainer$Serializer.m_7561_(LootPoolEntryContainer.java:85) ~[server-1.20.1-20230612.114412-srg.jar%23488!/:?]
	at net.minecraft.world.level.storage.loot.entries.LootPoolEntryContainer$Serializer.m_7561_(LootPoolEntryContainer.java:74) ~[server-1.20.1-20230612.114412-srg.jar%23488!/:?]
	at net.minecraft.world.level.storage.loot.GsonAdapterFactory$JsonAdapter.deserialize(GsonAdapterFactory.java:102) ~[server-1.20.1-20230612.114412-srg.jar%23488!/:?]
	at com.google.gson.internal.bind.TreeTypeAdapter.read(TreeTypeAdapter.java:76) ~[gson-2.10.jar%2372!/:?]
	at com.google.gson.internal.bind.TypeAdapterRuntimeTypeWrapper.read(TypeAdapterRuntimeTypeWrapper.java:40) ~[gson-2.10.jar%2372!/:?]
	at com.google.gson.internal.bind.ArrayTypeAdapter.read(ArrayTypeAdapter.java:72) ~[gson-2.10.jar%2372!/:?]
	at com.google.gson.Gson.fromJson(Gson.java:1214) ~[gson-2.10.jar%2372!/:?]
	at com.google.gson.Gson.fromJson(Gson.java:1319) ~[gson-2.10.jar%2372!/:?]
	at com.google.gson.Gson.fromJson(Gson.java:1290) ~[gson-2.10.jar%2372!/:?]
	at com.google.gson.internal.bind.TreeTypeAdapter$GsonContextImpl.deserialize(TreeTypeAdapter.java:179) ~[gson-2.10.jar%2372!/:?]
	at net.minecraft.util.GsonHelper.m_13808_(GsonHelper.java:463) ~[server-1.20.1-20230612.114412-srg.jar%23488!/:?]
	at net.minecraft.util.GsonHelper.m_13836_(GsonHelper.java:471) ~[server-1.20.1-20230612.114412-srg.jar%23488!/:?]
	at net.minecraft.world.level.storage.loot.LootPool$Serializer.deserialize(LootPool.java:192) ~[server-1.20.1-20230612.114412-srg.jar%23488!/:?]
	at net.minecraft.world.level.storage.loot.LootPool$Serializer.deserialize(LootPool.java:189) ~[server-1.20.1-20230612.114412-srg.jar%23488!/:?]
	at com.google.gson.internal.bind.TreeTypeAdapter.read(TreeTypeAdapter.java:76) ~[gson-2.10.jar%2372!/:?]
	at com.google.gson.internal.bind.TypeAdapterRuntimeTypeWrapper.read(TypeAdapterRuntimeTypeWrapper.java:40) ~[gson-2.10.jar%2372!/:?]
	at com.google.gson.internal.bind.ArrayTypeAdapter.read(ArrayTypeAdapter.java:72) ~[gson-2.10.jar%2372!/:?]
	at com.google.gson.Gson.fromJson(Gson.java:1214) ~[gson-2.10.jar%2372!/:?]
	at com.google.gson.Gson.fromJson(Gson.java:1319) ~[gson-2.10.jar%2372!/:?]
	at com.google.gson.Gson.fromJson(Gson.java:1290) ~[gson-2.10.jar%2372!/:?]
	at com.google.gson.internal.bind.TreeTypeAdapter$GsonContextImpl.deserialize(TreeTypeAdapter.java:179) ~[gson-2.10.jar%2372!/:?]
	at net.minecraft.util.GsonHelper.m_13808_(GsonHelper.java:463) ~[server-1.20.1-20230612.114412-srg.jar%23488!/:?]
	at net.minecraft.util.GsonHelper.m_13845_(GsonHelper.java:481) ~[server-1.20.1-20230612.114412-srg.jar%23488!/:?]
	at net.minecraft.world.level.storage.loot.LootTable$Serializer.deserialize(LootTable.java:294) ~[server-1.20.1-20230612.114412-srg.jar%23488!/:?]
	at net.minecraft.world.level.storage.loot.LootTable$Serializer.deserialize(LootTable.java:291) ~[server-1.20.1-20230612.114412-srg.jar%23488!/:?]
	at com.google.gson.internal.bind.TreeTypeAdapter.read(TreeTypeAdapter.java:76) ~[gson-2.10.jar%2372!/:?]
	at com.google.gson.Gson.fromJson(Gson.java:1214) ~[gson-2.10.jar%2372!/:?]
	at com.google.gson.Gson.fromJson(Gson.java:1319) ~[gson-2.10.jar%2372!/:?]
	at com.google.gson.Gson.fromJson(Gson.java:1261) ~[gson-2.10.jar%2372!/:?]
	at net.minecraftforge.common.ForgeHooks.loadLootTable(ForgeHooks.java:871) ~[forge-1.20.1-47.3.7-universal.jar%23493!/:?]
	at net.minecraftforge.common.ForgeHooks.lambda$getLootTableDeserializer$3(ForgeHooks.java:848) ~[forge-1.20.1-47.3.7-universal.jar%23493!/:?]
	at net.minecraft.world.level.storage.loot.LootDataType.deserialize(LootDataType.java:45) ~[server-1.20.1-20230612.114412-srg.jar%23488!/:?]
	at net.minecraft.world.level.storage.loot.LootDataManager.lambda$scheduleElementParse$4(LootDataManager.java:56) ~[server-1.20.1-20230612.114412-srg.jar%23488!/:?]
	at java.util.HashMap.forEach(HashMap.java:1421) ~[?:?]
	at net.minecraft.world.level.storage.loot.LootDataManager.m_278660_(LootDataManager.java:55) ~[server-1.20.1-20230612.114412-srg.jar%23488!/:?]
	at java.util.concurrent.CompletableFuture$AsyncRun.run(CompletableFuture.java:1804) ~[?:?]
	at java.util.concurrent.CompletableFuture$AsyncRun.exec(CompletableFuture.java:1796) ~[?:?]
	at java.util.concurrent.ForkJoinTask.doExec(ForkJoinTask.java:373) ~[?:?]
	at java.util.concurrent.ForkJoinPool$WorkQueue.topLevelExec(ForkJoinPool.java:1182) ~[?:?]
	at java.util.concurrent.ForkJoinPool.scan(ForkJoinPool.java:1655) ~[?:?]
	at java.util.concurrent.ForkJoinPool.runWorker(ForkJoinPool.java:1622) ~[?:?]
	at java.util.concurrent.ForkJoinWorkerThread.run(ForkJoinWorkerThread.java:165) ~[?:?]
[02Apr2026 22:36:49.968] [Worker-Main-21/ERROR] [net.minecraftforge.common.ForgeHooks/]: Couldn't parse element loot_tables:tacz:blocks/workbench_b
java.lang.IllegalArgumentException: Can't find block tacz:workbench_b
	at net.minecraft.world.level.storage.loot.predicates.LootItemBlockStatePropertyCondition$Serializer.m_81802_(LootItemBlockStatePropertyCondition.java:79) ~[server-1.20.1-20230612.114412-srg.jar%23488!/:?]
	at java.util.Optional.orElseThrow(Optional.java:403) ~[?:?]
	at net.minecraft.world.level.storage.loot.predicates.LootItemBlockStatePropertyCondition$Serializer.m_7561_(LootItemBlockStatePropertyCondition.java:79) ~[server-1.20.1-20230612.114412-srg.jar%23488!/:?]
	at net.minecraft.world.level.storage.loot.predicates.LootItemBlockStatePropertyCondition$Serializer.m_7561_(LootItemBlockStatePropertyCondition.java:68) ~[server-1.20.1-20230612.114412-srg.jar%23488!/:?]
	at net.minecraft.world.level.storage.loot.GsonAdapterFactory$JsonAdapter.deserialize(GsonAdapterFactory.java:102) ~[server-1.20.1-20230612.114412-srg.jar%23488!/:?]
	at com.google.gson.internal.bind.TreeTypeAdapter.read(TreeTypeAdapter.java:76) ~[gson-2.10.jar%2372!/:?]
	at com.google.gson.internal.bind.TypeAdapterRuntimeTypeWrapper.read(TypeAdapterRuntimeTypeWrapper.java:40) ~[gson-2.10.jar%2372!/:?]
	at com.google.gson.internal.bind.ArrayTypeAdapter.read(ArrayTypeAdapter.java:72) ~[gson-2.10.jar%2372!/:?]
	at com.google.gson.Gson.fromJson(Gson.java:1214) ~[gson-2.10.jar%2372!/:?]
	at com.google.gson.Gson.fromJson(Gson.java:1319) ~[gson-2.10.jar%2372!/:?]
	at com.google.gson.Gson.fromJson(Gson.java:1290) ~[gson-2.10.jar%2372!/:?]
	at com.google.gson.internal.bind.TreeTypeAdapter$GsonContextImpl.deserialize(TreeTypeAdapter.java:179) ~[gson-2.10.jar%2372!/:?]
	at net.minecraft.util.GsonHelper.m_13808_(GsonHelper.java:463) ~[server-1.20.1-20230612.114412-srg.jar%23488!/:?]
	at net.minecraft.util.GsonHelper.m_13845_(GsonHelper.java:481) ~[server-1.20.1-20230612.114412-srg.jar%23488!/:?]
	at net.minecraft.world.level.storage.loot.entries.LootPoolEntryContainer$Serializer.m_7561_(LootPoolEntryContainer.java:85) ~[server-1.20.1-20230612.114412-srg.jar%23488!/:?]
	at net.minecraft.world.level.storage.loot.entries.LootPoolEntryContainer$Serializer.m_7561_(LootPoolEntryContainer.java:74) ~[server-1.20.1-20230612.114412-srg.jar%23488!/:?]
	at net.minecraft.world.level.storage.loot.GsonAdapterFactory$JsonAdapter.deserialize(GsonAdapterFactory.java:102) ~[server-1.20.1-20230612.114412-srg.jar%23488!/:?]
	at com.google.gson.internal.bind.TreeTypeAdapter.read(TreeTypeAdapter.java:76) ~[gson-2.10.jar%2372!/:?]
	at com.google.gson.internal.bind.TypeAdapterRuntimeTypeWrapper.read(TypeAdapterRuntimeTypeWrapper.java:40) ~[gson-2.10.jar%2372!/:?]
	at com.google.gson.internal.bind.ArrayTypeAdapter.read(ArrayTypeAdapter.java:72) ~[gson-2.10.jar%2372!/:?]
	at com.google.gson.Gson.fromJson(Gson.java:1214) ~[gson-2.10.jar%2372!/:?]
	at com.google.gson.Gson.fromJson(Gson.java:1319) ~[gson-2.10.jar%2372!/:?]
	at com.google.gson.Gson.fromJson(Gson.java:1290) ~[gson-2.10.jar%2372!/:?]
	at com.google.gson.internal.bind.TreeTypeAdapter$GsonContextImpl.deserialize(TreeTypeAdapter.java:179) ~[gson-2.10.jar%2372!/:?]
	at net.minecraft.util.GsonHelper.m_13808_(GsonHelper.java:463) ~[server-1.20.1-20230612.114412-srg.jar%23488!/:?]
	at net.minecraft.util.GsonHelper.m_13836_(GsonHelper.java:471) ~[server-1.20.1-20230612.114412-srg.jar%23488!/:?]
	at net.minecraft.world.level.storage.loot.LootPool$Serializer.deserialize(LootPool.java:192) ~[server-1.20.1-20230612.114412-srg.jar%23488!/:?]
	at net.minecraft.world.level.storage.loot.LootPool$Serializer.deserialize(LootPool.java:189) ~[server-1.20.1-20230612.114412-srg.jar%23488!/:?]
	at com.google.gson.internal.bind.TreeTypeAdapter.read(TreeTypeAdapter.java:76) ~[gson-2.10.jar%2372!/:?]
	at com.google.gson.internal.bind.TypeAdapterRuntimeTypeWrapper.read(TypeAdapterRuntimeTypeWrapper.java:40) ~[gson-2.10.jar%2372!/:?]
	at com.google.gson.internal.bind.ArrayTypeAdapter.read(ArrayTypeAdapter.java:72) ~[gson-2.10.jar%2372!/:?]
	at com.google.gson.Gson.fromJson(Gson.java:1214) ~[gson-2.10.jar%2372!/:?]
	at com.google.gson.Gson.fromJson(Gson.java:1319) ~[gson-2.10.jar%2372!/:?]
	at com.google.gson.Gson.fromJson(Gson.java:1290) ~[gson-2.10.jar%2372!/:?]
	at com.google.gson.internal.bind.TreeTypeAdapter$GsonContextImpl.deserialize(TreeTypeAdapter.java:179) ~[gson-2.10.jar%2372!/:?]
	at net.minecraft.util.GsonHelper.m_13808_(GsonHelper.java:463) ~[server-1.20.1-20230612.114412-srg.jar%23488!/:?]
	at net.minecraft.util.GsonHelper.m_13845_(GsonHelper.java:481) ~[server-1.20.1-20230612.114412-srg.jar%23488!/:?]
	at net.minecraft.world.level.storage.loot.LootTable$Serializer.deserialize(LootTable.java:294) ~[server-1.20.1-20230612.114412-srg.jar%23488!/:?]
	at net.minecraft.world.level.storage.loot.LootTable$Serializer.deserialize(LootTable.java:291) ~[server-1.20.1-20230612.114412-srg.jar%23488!/:?]
	at com.google.gson.internal.bind.TreeTypeAdapter.read(TreeTypeAdapter.java:76) ~[gson-2.10.jar%2372!/:?]
	at com.google.gson.Gson.fromJson(Gson.java:1214) ~[gson-2.10.jar%2372!/:?]
	at com.google.gson.Gson.fromJson(Gson.java:1319) ~[gson-2.10.jar%2372!/:?]
	at com.google.gson.Gson.fromJson(Gson.java:1261) ~[gson-2.10.jar%2372!/:?]
	at net.minecraftforge.common.ForgeHooks.loadLootTable(ForgeHooks.java:871) ~[forge-1.20.1-47.3.7-universal.jar%23493!/:?]
	at net.minecraftforge.common.ForgeHooks.lambda$getLootTableDeserializer$3(ForgeHooks.java:848) ~[forge-1.20.1-47.3.7-universal.jar%23493!/:?]
	at net.minecraft.world.level.storage.loot.LootDataType.deserialize(LootDataType.java:45) ~[server-1.20.1-20230612.114412-srg.jar%23488!/:?]
	at net.minecraft.world.level.storage.loot.LootDataManager.lambda$scheduleElementParse$4(LootDataManager.java:56) ~[server-1.20.1-20230612.114412-srg.jar%23488!/:?]
	at java.util.HashMap.forEach(HashMap.java:1421) ~[?:?]
	at net.minecraft.world.level.storage.loot.LootDataManager.m_278660_(LootDataManager.java:55) ~[server-1.20.1-20230612.114412-srg.jar%23488!/:?]
	at java.util.concurrent.CompletableFuture$AsyncRun.run(CompletableFuture.java:1804) ~[?:?]
	at java.util.concurrent.CompletableFuture$AsyncRun.exec(CompletableFuture.java:1796) ~[?:?]
	at java.util.concurrent.ForkJoinTask.doExec(ForkJoinTask.java:373) ~[?:?]
	at java.util.concurrent.ForkJoinPool$WorkQueue.topLevelExec(ForkJoinPool.java:1182) ~[?:?]
	at java.util.concurrent.ForkJoinPool.scan(ForkJoinPool.java:1655) ~[?:?]
	at java.util.concurrent.ForkJoinPool.runWorker(ForkJoinPool.java:1622) ~[?:?]
	at java.util.concurrent.ForkJoinWorkerThread.run(ForkJoinWorkerThread.java:165) ~[?:?]
[02Apr2026 22:36:49.969] [Worker-Main-21/ERROR] [net.minecraftforge.common.ForgeHooks/]: Couldn't parse element loot_tables:tacz:blocks/workbench_a
java.lang.IllegalArgumentException: Can't find block tacz:workbench_a
	at net.minecraft.world.level.storage.loot.predicates.LootItemBlockStatePropertyCondition$Serializer.m_81802_(LootItemBlockStatePropertyCondition.java:79) ~[server-1.20.1-20230612.114412-srg.jar%23488!/:?]
	at java.util.Optional.orElseThrow(Optional.java:403) ~[?:?]
	at net.minecraft.world.level.storage.loot.predicates.LootItemBlockStatePropertyCondition$Serializer.m_7561_(LootItemBlockStatePropertyCondition.java:79) ~[server-1.20.1-20230612.114412-srg.jar%23488!/:?]
	at net.minecraft.world.level.storage.loot.predicates.LootItemBlockStatePropertyCondition$Serializer.m_7561_(LootItemBlockStatePropertyCondition.java:68) ~[server-1.20.1-20230612.114412-srg.jar%23488!/:?]
	at net.minecraft.world.level.storage.loot.GsonAdapterFactory$JsonAdapter.deserialize(GsonAdapterFactory.java:102) ~[server-1.20.1-20230612.114412-srg.jar%23488!/:?]
	at com.google.gson.internal.bind.TreeTypeAdapter.read(TreeTypeAdapter.java:76) ~[gson-2.10.jar%2372!/:?]
	at com.google.gson.internal.bind.TypeAdapterRuntimeTypeWrapper.read(TypeAdapterRuntimeTypeWrapper.java:40) ~[gson-2.10.jar%2372!/:?]
	at com.google.gson.internal.bind.ArrayTypeAdapter.read(ArrayTypeAdapter.java:72) ~[gson-2.10.jar%2372!/:?]
	at com.google.gson.Gson.fromJson(Gson.java:1214) ~[gson-2.10.jar%2372!/:?]
	at com.google.gson.Gson.fromJson(Gson.java:1319) ~[gson-2.10.jar%2372!/:?]
	at com.google.gson.Gson.fromJson(Gson.java:1290) ~[gson-2.10.jar%2372!/:?]
	at com.google.gson.internal.bind.TreeTypeAdapter$GsonContextImpl.deserialize(TreeTypeAdapter.java:179) ~[gson-2.10.jar%2372!/:?]
	at net.minecraft.util.GsonHelper.m_13808_(GsonHelper.java:463) ~[server-1.20.1-20230612.114412-srg.jar%23488!/:?]
	at net.minecraft.util.GsonHelper.m_13845_(GsonHelper.java:481) ~[server-1.20.1-20230612.114412-srg.jar%23488!/:?]
	at net.minecraft.world.level.storage.loot.entries.LootPoolEntryContainer$Serializer.m_7561_(LootPoolEntryContainer.java:85) ~[server-1.20.1-20230612.114412-srg.jar%23488!/:?]
	at net.minecraft.world.level.storage.loot.entries.LootPoolEntryContainer$Serializer.m_7561_(LootPoolEntryContainer.java:74) ~[server-1.20.1-20230612.114412-srg.jar%23488!/:?]
	at net.minecraft.world.level.storage.loot.GsonAdapterFactory$JsonAdapter.deserialize(GsonAdapterFactory.java:102) ~[server-1.20.1-20230612.114412-srg.jar%23488!/:?]
	at com.google.gson.internal.bind.TreeTypeAdapter.read(TreeTypeAdapter.java:76) ~[gson-2.10.jar%2372!/:?]
	at com.google.gson.internal.bind.TypeAdapterRuntimeTypeWrapper.read(TypeAdapterRuntimeTypeWrapper.java:40) ~[gson-2.10.jar%2372!/:?]
	at com.google.gson.internal.bind.ArrayTypeAdapter.read(ArrayTypeAdapter.java:72) ~[gson-2.10.jar%2372!/:?]
	at com.google.gson.Gson.fromJson(Gson.java:1214) ~[gson-2.10.jar%2372!/:?]
	at com.google.gson.Gson.fromJson(Gson.java:1319) ~[gson-2.10.jar%2372!/:?]
	at com.google.gson.Gson.fromJson(Gson.java:1290) ~[gson-2.10.jar%2372!/:?]
	at com.google.gson.internal.bind.TreeTypeAdapter$GsonContextImpl.deserialize(TreeTypeAdapter.java:179) ~[gson-2.10.jar%2372!/:?]
	at net.minecraft.util.GsonHelper.m_13808_(GsonHelper.java:463) ~[server-1.20.1-20230612.114412-srg.jar%23488!/:?]
	at net.minecraft.util.GsonHelper.m_13836_(GsonHelper.java:471) ~[server-1.20.1-20230612.114412-srg.jar%23488!/:?]
	at net.minecraft.world.level.storage.loot.LootPool$Serializer.deserialize(LootPool.java:192) ~[server-1.20.1-20230612.114412-srg.jar%23488!/:?]
	at net.minecraft.world.level.storage.loot.LootPool$Serializer.deserialize(LootPool.java:189) ~[server-1.20.1-20230612.114412-srg.jar%23488!/:?]
	at com.google.gson.internal.bind.TreeTypeAdapter.read(TreeTypeAdapter.java:76) ~[gson-2.10.jar%2372!/:?]
	at com.google.gson.internal.bind.TypeAdapterRuntimeTypeWrapper.read(TypeAdapterRuntimeTypeWrapper.java:40) ~[gson-2.10.jar%2372!/:?]
	at com.google.gson.internal.bind.ArrayTypeAdapter.read(ArrayTypeAdapter.java:72) ~[gson-2.10.jar%2372!/:?]
	at com.google.gson.Gson.fromJson(Gson.java:1214) ~[gson-2.10.jar%2372!/:?]
	at com.google.gson.Gson.fromJson(Gson.java:1319) ~[gson-2.10.jar%2372!/:?]
	at com.google.gson.Gson.fromJson(Gson.java:1290) ~[gson-2.10.jar%2372!/:?]
	at com.google.gson.internal.bind.TreeTypeAdapter$GsonContextImpl.deserialize(TreeTypeAdapter.java:179) ~[gson-2.10.jar%2372!/:?]
	at net.minecraft.util.GsonHelper.m_13808_(GsonHelper.java:463) ~[server-1.20.1-20230612.114412-srg.jar%23488!/:?]
	at net.minecraft.util.GsonHelper.m_13845_(GsonHelper.java:481) ~[server-1.20.1-20230612.114412-srg.jar%23488!/:?]
	at net.minecraft.world.level.storage.loot.LootTable$Serializer.deserialize(LootTable.java:294) ~[server-1.20.1-20230612.114412-srg.jar%23488!/:?]
	at net.minecraft.world.level.storage.loot.LootTable$Serializer.deserialize(LootTable.java:291) ~[server-1.20.1-20230612.114412-srg.jar%23488!/:?]
	at com.google.gson.internal.bind.TreeTypeAdapter.read(TreeTypeAdapter.java:76) ~[gson-2.10.jar%2372!/:?]
	at com.google.gson.Gson.fromJson(Gson.java:1214) ~[gson-2.10.jar%2372!/:?]
	at com.google.gson.Gson.fromJson(Gson.java:1319) ~[gson-2.10.jar%2372!/:?]
	at com.google.gson.Gson.fromJson(Gson.java:1261) ~[gson-2.10.jar%2372!/:?]
	at net.minecraftforge.common.ForgeHooks.loadLootTable(ForgeHooks.java:871) ~[forge-1.20.1-47.3.7-universal.jar%23493!/:?]
	at net.minecraftforge.common.ForgeHooks.lambda$getLootTableDeserializer$3(ForgeHooks.java:848) ~[forge-1.20.1-47.3.7-universal.jar%23493!/:?]
	at net.minecraft.world.level.storage.loot.LootDataType.deserialize(LootDataType.java:45) ~[server-1.20.1-20230612.114412-srg.jar%23488!/:?]
	at net.minecraft.world.level.storage.loot.LootDataManager.lambda$scheduleElementParse$4(LootDataManager.java:56) ~[server-1.20.1-20230612.114412-srg.jar%23488!/:?]
	at java.util.HashMap.forEach(HashMap.java:1421) ~[?:?]
	at net.minecraft.world.level.storage.loot.LootDataManager.m_278660_(LootDataManager.java:55) ~[server-1.20.1-20230612.114412-srg.jar%23488!/:?]
	at java.util.concurrent.CompletableFuture$AsyncRun.run(CompletableFuture.java:1804) ~[?:?]
	at java.util.concurrent.CompletableFuture$AsyncRun.exec(CompletableFuture.java:1796) ~[?:?]
	at java.util.concurrent.ForkJoinTask.doExec(ForkJoinTask.java:373) ~[?:?]
	at java.util.concurrent.ForkJoinPool$WorkQueue.topLevelExec(ForkJoinPool.java:1182) ~[?:?]
	at java.util.concurrent.ForkJoinPool.scan(ForkJoinPool.java:1655) ~[?:?]
	at java.util.concurrent.ForkJoinPool.runWorker(ForkJoinPool.java:1622) ~[?:?]
	at java.util.concurrent.ForkJoinWorkerThread.run(ForkJoinWorkerThread.java:165) ~[?:?]
[02Apr2026 22:36:50.089] [Worker-Main-21/INFO] [Spartan Weaponry/]: Adding Iron Weapons to the Village Weaponsmith Loot Table!
[02Apr2026 22:36:50.139] [Worker-Main-21/ERROR] [net.minecraftforge.common.ForgeHooks/]: Couldn't parse element loot_tables:aiycrates:blocks/blue_filum_table
com.google.gson.JsonSyntaxException: Expected name to be an item, was unknown string 'getit:blue_filum'
	at net.minecraft.util.GsonHelper.m_13866_(GsonHelper.java:145) ~[server-1.20.1-20230612.114412-srg.jar%23488!/:?]
	at java.util.Optional.orElseThrow(Optional.java:403) ~[?:?]
	at net.minecraft.util.GsonHelper.m_13874_(GsonHelper.java:145) ~[server-1.20.1-20230612.114412-srg.jar%23488!/:?]
	at net.minecraft.util.GsonHelper.m_13909_(GsonHelper.java:153) ~[server-1.20.1-20230612.114412-srg.jar%23488!/:?]
	at net.minecraft.world.level.storage.loot.entries.LootItem$Serializer.m_7267_(LootItem.java:55) ~[server-1.20.1-20230612.114412-srg.jar%23488!/:?]
	at net.minecraft.world.level.storage.loot.entries.LootItem$Serializer.m_7267_(LootItem.java:40) ~[server-1.20.1-20230612.114412-srg.jar%23488!/:?]
	at net.minecraft.world.level.storage.loot.entries.LootPoolSingletonContainer$Serializer.m_5921_(LootPoolSingletonContainer.java:151) ~[server-1.20.1-20230612.114412-srg.jar%23488!/:?]
	at net.minecraft.world.level.storage.loot.entries.LootPoolSingletonContainer$Serializer.m_5921_(LootPoolSingletonContainer.java:129) ~[server-1.20.1-20230612.114412-srg.jar%23488!/:?]
	at net.minecraft.world.level.storage.loot.entries.LootPoolEntryContainer$Serializer.m_7561_(LootPoolEntryContainer.java:86) ~[server-1.20.1-20230612.114412-srg.jar%23488!/:?]
	at net.minecraft.world.level.storage.loot.entries.LootPoolEntryContainer$Serializer.m_7561_(LootPoolEntryContainer.java:74) ~[server-1.20.1-20230612.114412-srg.jar%23488!/:?]
	at net.minecraft.world.level.storage.loot.GsonAdapterFactory$JsonAdapter.deserialize(GsonAdapterFactory.java:102) ~[server-1.20.1-20230612.114412-srg.jar%23488!/:?]
	at com.google.gson.internal.bind.TreeTypeAdapter.read(TreeTypeAdapter.java:76) ~[gson-2.10.jar%2372!/:?]
	at com.google.gson.internal.bind.TypeAdapterRuntimeTypeWrapper.read(TypeAdapterRuntimeTypeWrapper.java:40) ~[gson-2.10.jar%2372!/:?]
	at com.google.gson.internal.bind.ArrayTypeAdapter.read(ArrayTypeAdapter.java:72) ~[gson-2.10.jar%2372!/:?]
	at com.google.gson.Gson.fromJson(Gson.java:1214) ~[gson-2.10.jar%2372!/:?]
	at com.google.gson.Gson.fromJson(Gson.java:1319) ~[gson-2.10.jar%2372!/:?]
	at com.google.gson.Gson.fromJson(Gson.java:1290) ~[gson-2.10.jar%2372!/:?]
	at com.google.gson.internal.bind.TreeTypeAdapter$GsonContextImpl.deserialize(TreeTypeAdapter.java:179) ~[gson-2.10.jar%2372!/:?]
	at net.minecraft.util.GsonHelper.m_13808_(GsonHelper.java:463) ~[server-1.20.1-20230612.114412-srg.jar%23488!/:?]
	at net.minecraft.util.GsonHelper.m_13836_(GsonHelper.java:471) ~[server-1.20.1-20230612.114412-srg.jar%23488!/:?]
	at net.minecraft.world.level.storage.loot.LootPool$Serializer.deserialize(LootPool.java:192) ~[server-1.20.1-20230612.114412-srg.jar%23488!/:?]
	at net.minecraft.world.level.storage.loot.LootPool$Serializer.deserialize(LootPool.java:189) ~[server-1.20.1-20230612.114412-srg.jar%23488!/:?]
	at com.google.gson.internal.bind.TreeTypeAdapter.read(TreeTypeAdapter.java:76) ~[gson-2.10.jar%2372!/:?]
	at com.google.gson.internal.bind.TypeAdapterRuntimeTypeWrapper.read(TypeAdapterRuntimeTypeWrapper.java:40) ~[gson-2.10.jar%2372!/:?]
	at com.google.gson.internal.bind.ArrayTypeAdapter.read(ArrayTypeAdapter.java:72) ~[gson-2.10.jar%2372!/:?]
	at com.google.gson.Gson.fromJson(Gson.java:1214) ~[gson-2.10.jar%2372!/:?]
	at com.google.gson.Gson.fromJson(Gson.java:1319) ~[gson-2.10.jar%2372!/:?]
	at com.google.gson.Gson.fromJson(Gson.java:1290) ~[gson-2.10.jar%2372!/:?]
	at com.google.gson.internal.bind.TreeTypeAdapter$GsonContextImpl.deserialize(TreeTypeAdapter.java:179) ~[gson-2.10.jar%2372!/:?]
	at net.minecraft.util.GsonHelper.m_13808_(GsonHelper.java:463) ~[server-1.20.1-20230612.114412-srg.jar%23488!/:?]
	at net.minecraft.util.GsonHelper.m_13845_(GsonHelper.java:481) ~[server-1.20.1-20230612.114412-srg.jar%23488!/:?]
	at net.minecraft.world.level.storage.loot.LootTable$Serializer.deserialize(LootTable.java:294) ~[server-1.20.1-20230612.114412-srg.jar%23488!/:?]
	at net.minecraft.world.level.storage.loot.LootTable$Serializer.deserialize(LootTable.java:291) ~[server-1.20.1-20230612.114412-srg.jar%23488!/:?]
	at com.google.gson.internal.bind.TreeTypeAdapter.read(TreeTypeAdapter.java:76) ~[gson-2.10.jar%2372!/:?]
	at com.google.gson.Gson.fromJson(Gson.java:1214) ~[gson-2.10.jar%2372!/:?]
	at com.google.gson.Gson.fromJson(Gson.java:1319) ~[gson-2.10.jar%2372!/:?]
	at com.google.gson.Gson.fromJson(Gson.java:1261) ~[gson-2.10.jar%2372!/:?]
	at net.minecraftforge.common.ForgeHooks.loadLootTable(ForgeHooks.java:871) ~[forge-1.20.1-47.3.7-universal.jar%23493!/:?]
	at net.minecraftforge.common.ForgeHooks.lambda$getLootTableDeserializer$3(ForgeHooks.java:848) ~[forge-1.20.1-47.3.7-universal.jar%23493!/:?]
	at net.minecraft.world.level.storage.loot.LootDataType.deserialize(LootDataType.java:45) ~[server-1.20.1-20230612.114412-srg.jar%23488!/:?]
	at net.minecraft.world.level.storage.loot.LootDataManager.lambda$scheduleElementParse$4(LootDataManager.java:56) ~[server-1.20.1-20230612.114412-srg.jar%23488!/:?]
	at java.util.HashMap.forEach(HashMap.java:1421) ~[?:?]
	at net.minecraft.world.level.storage.loot.LootDataManager.m_278660_(LootDataManager.java:55) ~[server-1.20.1-20230612.114412-srg.jar%23488!/:?]
	at java.util.concurrent.CompletableFuture$AsyncRun.run(CompletableFuture.java:1804) ~[?:?]
	at java.util.concurrent.CompletableFuture$AsyncRun.exec(CompletableFuture.java:1796) ~[?:?]
	at java.util.concurrent.ForkJoinTask.doExec(ForkJoinTask.java:373) ~[?:?]
	at java.util.concurrent.ForkJoinPool$WorkQueue.topLevelExec(ForkJoinPool.java:1182) ~[?:?]
	at java.util.concurrent.ForkJoinPool.scan(ForkJoinPool.java:1655) ~[?:?]
	at java.util.concurrent.ForkJoinPool.runWorker(ForkJoinPool.java:1622) ~[?:?]
	at java.util.concurrent.ForkJoinWorkerThread.run(ForkJoinWorkerThread.java:165) ~[?:?]
[02Apr2026 22:36:50.584] [main/INFO] [KubeJS Server/]: Processing recipes...
[02Apr2026 22:36:50.612] [main/WARN] [KubeJS Server/]: Failed to parse recipe 'the_deep_void:bismuth_netherite_boots[minecraft:smithing_transform]'! Falling back to vanilla: Ingredient 'template' can't be empty!
[02Apr2026 22:36:50.615] [main/WARN] [KubeJS Server/]: Failed to parse recipe 'the_deep_void:bismuth_netherite_sword_recipe[minecraft:smithing_transform]'! Falling back to vanilla: Ingredient 'template' can't be empty!
[02Apr2026 22:36:50.652] [main/WARN] [KubeJS Server/]: Failed to parse recipe 'the_deep_void:bismuth_netherite_axe_recipe[minecraft:smithing_transform]'! Falling back to vanilla: Ingredient 'template' can't be empty!
[02Apr2026 22:36:50.657] [main/WARN] [KubeJS Server/]: Failed to parse recipe 'the_deep_void:lavendite_onyx_sword[minecraft:smithing_transform]'! Falling back to vanilla: Ingredient 'template' can't be empty!
[02Apr2026 22:36:50.674] [main/WARN] [KubeJS Server/]: Failed to parse recipe 'the_deep_void:lavendite_stone_sword[minecraft:smithing_transform]'! Falling back to vanilla: Ingredient 'template' can't be empty!
[02Apr2026 22:36:50.681] [main/WARN] [KubeJS Server/]: Failed to parse recipe 'the_deep_void:lavendite_netherite_sword[minecraft:smithing_transform]'! Falling back to vanilla: Ingredient 'template' can't be empty!
[02Apr2026 22:36:50.686] [main/WARN] [KubeJS Server/]: Failed to parse recipe 'the_deep_void:lavendite_diamond_sword[minecraft:smithing_transform]'! Falling back to vanilla: Ingredient 'template' can't be empty!
[02Apr2026 22:36:50.709] [main/WARN] [KubeJS Server/]: Failed to parse recipe 'the_deep_void:bismuth_netherite_hoe_recipe[minecraft:smithing_transform]'! Falling back to vanilla: Ingredient 'template' can't be empty!
[02Apr2026 22:36:50.718] [main/WARN] [KubeJS Server/]: Failed to parse recipe 'the_deep_void:lavendite_bone_sword[minecraft:smithing_transform]'! Falling back to vanilla: Ingredient 'template' can't be empty!
[02Apr2026 22:36:50.722] [main/WARN] [KubeJS Server/]: Failed to parse recipe 'the_deep_void:rotten_golden_sword[minecraft:smithing_transform]'! Falling back to vanilla: Ingredient 'template' can't be empty!
[02Apr2026 22:36:50.729] [main/WARN] [KubeJS Server/]: Failed to parse recipe 'the_deep_void:bismuth_netherite_chestplate[minecraft:smithing_transform]'! Falling back to vanilla: Ingredient 'template' can't be empty!
[02Apr2026 22:36:50.742] [main/WARN] [KubeJS Server/]: Failed to parse recipe 'the_deep_void:bismuth_netherite_helmet[minecraft:smithing_transform]'! Falling back to vanilla: Ingredient 'template' can't be empty!
[02Apr2026 22:36:50.751] [main/WARN] [KubeJS Server/]: Failed to parse recipe 'the_deep_void:lavendite_golden_sword[minecraft:smithing_transform]'! Falling back to vanilla: Ingredient 'template' can't be empty!
[02Apr2026 22:36:50.752] [main/WARN] [KubeJS Server/]: Failed to parse recipe 'the_deep_void:bismuth_netherite_pickaxe_recipe[minecraft:smithing_transform]'! Falling back to vanilla: Ingredient 'template' can't be empty!
[02Apr2026 22:36:50.753] [main/WARN] [KubeJS Server/]: Failed to parse recipe 'the_deep_void:lavendite_iron_sword[minecraft:smithing_transform]'! Falling back to vanilla: Ingredient 'template' can't be empty!
[02Apr2026 22:36:50.754] [main/WARN] [KubeJS Server/]: Failed to parse recipe 'the_deep_void:bismuth_netherite_leggings[minecraft:smithing_transform]'! Falling back to vanilla: Ingredient 'template' can't be empty!
[02Apr2026 22:36:50.756] [main/WARN] [KubeJS Server/]: Failed to parse recipe 'the_deep_void:lavendite_wooden_sword[minecraft:smithing_transform]'! Falling back to vanilla: Ingredient 'template' can't be empty!
[02Apr2026 22:36:50.757] [main/WARN] [KubeJS Server/]: Failed to parse recipe 'the_deep_void:bismuth_netherite_shovel_recipe[minecraft:smithing_transform]'! Falling back to vanilla: Ingredient 'template' can't be empty!
[02Apr2026 22:36:50.758] [main/WARN] [KubeJS Server/]: Failed to parse recipe 'tacz:gun_smith_table[minecraft:crafting_shaped]'! Falling back to vanilla: Failed to parse custom ingredient ("custom") from {"type":"custom","group":"tacz:misc","item":{"item":"minecraft:painting","nbt":{"display":{"Name":"{\"translate\":\"\"}"},"EntityTag":{"variant":"tacz:blood_strike_1"}},"count":1}}: com.google.gson.JsonSyntaxException: Unknown ingredient type: custom
[02Apr2026 22:36:50.761] [main/WARN] [KubeJS Server/]: Failed to parse recipe 'tacz:ammo_workbench[minecraft:crafting_shaped]'! Falling back to vanilla: ItemStack 'result' can't be empty!
[02Apr2026 22:36:50.771] [main/WARN] [KubeJS Server/]: Failed to parse recipe 'tacz:attachment_workbench[minecraft:crafting_shaped]'! Falling back to vanilla: ItemStack 'result' can't be empty!
[02Apr2026 22:36:50.774] [main/WARN] [KubeJS Server/]: Failed to parse recipe 'the_deep_void:void_vision_spyglass[minecraft:smithing_transform]'! Falling back to vanilla: Ingredient 'template' can't be empty!
[02Apr2026 22:36:50.776] [main/WARN] [KubeJS Server/]: Failed to parse recipe 'the_deep_void:lavendite_shield[minecraft:smithing_transform]'! Falling back to vanilla: Ingredient 'template' can't be empty!
[02Apr2026 22:36:50.785] [main/INFO] [KubeJS Server/]: Found 5667 recipes in 198.7 ms
[02Apr2026 22:36:50.786] [main/INFO] [KubeJS Server/]: itemRecipeBlacklist.js#47: immersive_weathering:iron_ingot_from_clean_block
[02Apr2026 22:36:50.786] [main/INFO] [KubeJS Server/]: itemRecipeBlacklist.js#47: immersive_weathering:iron_ingot_from_clean_block_blasting
[02Apr2026 22:36:50.786] [main/INFO] [KubeJS Server/]: itemRecipeBlacklist.js#47: immersive_weathering:iron_ingot_from_exposed_block
[02Apr2026 22:36:50.786] [main/INFO] [KubeJS Server/]: itemRecipeBlacklist.js#47: immersive_weathering:iron_ingot_from_exposed_block_blasting
[02Apr2026 22:36:50.786] [main/INFO] [KubeJS Server/]: itemRecipeBlacklist.js#47: immersive_weathering:iron_ingot_from_rusted_block
[02Apr2026 22:36:50.786] [main/INFO] [KubeJS Server/]: itemRecipeBlacklist.js#47: immersive_weathering:iron_ingot_from_rusted_block_blasting
[02Apr2026 22:36:50.786] [main/INFO] [KubeJS Server/]: itemRecipeBlacklist.js#47: immersive_weathering:iron_ingot_from_weathered_block
[02Apr2026 22:36:50.786] [main/INFO] [KubeJS Server/]: itemRecipeBlacklist.js#47: immersive_weathering:iron_ingot_from_weathered_block_blasting
[02Apr2026 22:36:50.786] [main/INFO] [KubeJS Server/]: itemRecipeBlacklist.js#47: the_deep_void:refined_bismuth
[02Apr2026 22:36:50.786] [main/INFO] [KubeJS Server/]: itemRecipeBlacklist.js#47: create:splashing/gravel
[02Apr2026 22:36:50.786] [main/INFO] [KubeJS Server/]: itemRecipeBlacklist.js#47: create:splashing/red_sand
[02Apr2026 22:36:50.810] [KubeJS Recipe Event Worker 0/INFO] [Spartan Weaponry/]: Empty result tag:"forge:nuggets/tin" Skipping...
[02Apr2026 22:36:50.845] [KubeJS Recipe Event Worker 0/INFO] [Spartan Weaponry/]: Empty result tag:"forge:nuggets/bronze" Skipping...
[02Apr2026 22:36:50.848] [KubeJS Recipe Event Worker 0/INFO] [Spartan Weaponry/]: Empty result tag:"forge:nuggets/invar" Skipping...
[02Apr2026 22:36:50.865] [KubeJS Recipe Event Worker 0/INFO] [Spartan Weaponry/]: Empty result tag:"forge:nuggets/bronze" Skipping...
[02Apr2026 22:36:50.870] [KubeJS Recipe Event Worker 0/INFO] [Spartan Weaponry/]: Empty result tag:"forge:nuggets/copper" Skipping...
[02Apr2026 22:36:50.871] [KubeJS Recipe Event Worker 0/INFO] [Spartan Weaponry/]: Empty result tag:"forge:nuggets/tin" Skipping...
[02Apr2026 22:36:50.879] [KubeJS Recipe Event Worker 0/INFO] [Spartan Weaponry/]: Empty result tag:"forge:nuggets/invar" Skipping...
[02Apr2026 22:36:50.884] [KubeJS Recipe Event Worker 0/INFO] [Spartan Weaponry/]: Empty result tag:"forge:nuggets/aluminum" Skipping...
[02Apr2026 22:36:50.886] [KubeJS Recipe Event Worker 0/INFO] [Spartan Weaponry/]: Empty result tag:"forge:nuggets/silver" Skipping...
[02Apr2026 22:36:50.918] [KubeJS Recipe Event Worker 0/INFO] [Spartan Weaponry/]: Empty result tag:"forge:nuggets/nickel" Skipping...
[02Apr2026 22:36:50.918] [KubeJS Recipe Event Worker 0/INFO] [Spartan Weaponry/]: Empty result tag:"forge:nuggets/lead" Skipping...
[02Apr2026 22:36:50.927] [KubeJS Recipe Event Worker 0/INFO] [Spartan Weaponry/]: Empty result tag:"forge:nuggets/aluminum" Skipping...
[02Apr2026 22:36:50.929] [KubeJS Recipe Event Worker 0/INFO] [Spartan Weaponry/]: Empty result tag:"forge:nuggets/nickel" Skipping...
[02Apr2026 22:36:50.931] [KubeJS Recipe Event Worker 0/INFO] [Spartan Weaponry/]: Empty result tag:"forge:nuggets/electrum" Skipping...
[02Apr2026 22:36:50.934] [KubeJS Recipe Event Worker 0/INFO] [Spartan Weaponry/]: Empty result tag:"forge:nuggets/electrum" Skipping...
[02Apr2026 22:36:50.943] [KubeJS Recipe Event Worker 0/INFO] [Spartan Weaponry/]: Empty result tag:"forge:nuggets/platinum" Skipping...
[02Apr2026 22:36:50.943] [KubeJS Recipe Event Worker 0/INFO] [Spartan Weaponry/]: Empty result tag:"forge:nuggets/copper" Skipping...
[02Apr2026 22:36:50.951] [KubeJS Recipe Event Worker 0/INFO] [Spartan Weaponry/]: Empty result tag:"forge:nuggets/platinum" Skipping...
[02Apr2026 22:36:50.953] [KubeJS Recipe Event Worker 0/INFO] [Spartan Weaponry/]: Empty result tag:"forge:nuggets/constantan" Skipping...
[02Apr2026 22:36:50.963] [KubeJS Recipe Event Worker 0/INFO] [Spartan Weaponry/]: Empty result tag:"forge:nuggets/constantan" Skipping...
[02Apr2026 22:36:50.987] [KubeJS Recipe Event Worker 0/INFO] [Spartan Weaponry/]: Empty result tag:"forge:nuggets/lead" Skipping...
[02Apr2026 22:36:50.997] [KubeJS Recipe Event Worker 0/INFO] [Spartan Weaponry/]: Empty result tag:"forge:nuggets/silver" Skipping...
[02Apr2026 22:36:51.092] [main/INFO] [KubeJS Server/]: cursedwalkingrecipechanges.js#4: CW Recipe Tweaks has fired.
[02Apr2026 22:36:51.108] [main/INFO] [KubeJS Server/]: Posted recipe events in 322.7 ms
[02Apr2026 22:36:51.191] [KubeJS Recipe Event Worker 0/WARN] [KubeJS Server/]: Error parsing recipe minecraft:kjs/steriod_shot_enhanced[kubejs:shapeless]: {"type":"minecraft:crafting_shapeless","result":{"item":"kubejs:steriod_shot_enhanced","count":1},"ingredients":[{"item":"kubejs:steriod_shot"},{"item":"minecraft:nether_wart"},{"item":"minecraft:slime_ball"},{"item":"immersive_weathering:tallow"},[]]}: Item array cannot be empty, at least one item must be defined
[02Apr2026 22:36:51.200] [main/INFO] [KubeJS Server/]: Added 12 recipes, removed 11 recipes, modified 0 recipes, with 1 failed recipes in 87.78 ms
[02Apr2026 22:36:51.366] [main/INFO] [net.minecraft.advancements.AdvancementList/]: Loaded 4782 advancements
[02Apr2026 22:36:51.372] [main/INFO] [placebo/]: Registered 0 additional recipes.
[02Apr2026 22:36:51.385] [main/INFO] [top.theillusivec4.curios.Curios/]: Loaded 11 curio slots
[02Apr2026 22:36:51.396] [main/INFO] [top.theillusivec4.curios.Curios/]: Loaded 1 curio entities
[02Apr2026 22:36:51.506] [main/INFO] [hordes/]: Loaded entity minecraft:zombie as entity.minecraft.zombie with weight 35, min day 0 and max day 20
[02Apr2026 22:36:51.506] [main/INFO] [hordes/]: Loaded entity minecraft:zombie_villager as entity.minecraft.zombie_villager with weight 1, min day 0 and max day 20
[02Apr2026 22:36:51.506] [main/INFO] [hordes/]: Loaded entity minecraft:zombie_horse as entity.minecraft.zombie_horse with weight 3, min day 20 and max day 40
[02Apr2026 22:36:51.507] [main/INFO] [hordes/]: Loaded entity minecraft:husk as entity.minecraft.husk with weight 25, min day 50 and max day 0
[02Apr2026 22:36:51.507] [main/INFO] [hordes/]: loaded horde table hordes:default
[02Apr2026 22:36:51.507] [main/INFO] [hordes/]: Loaded entity minecraft:drowned as entity.minecraft.drowned with weight 40, min day 0 and max day 20
[02Apr2026 22:36:51.507] [main/INFO] [hordes/]: Loaded entity minecraft:drowned as entity.minecraft.drowned with weight 3, min day 30 and max day 40
[02Apr2026 22:36:51.507] [main/INFO] [hordes/]: loaded horde table hordes:drowned
[02Apr2026 22:36:51.507] [main/INFO] [hordes/]: Loaded entity minecraft:zombie as entity.minecraft.zombie with weight 20, min day 0 and max day 20
[02Apr2026 22:36:51.507] [main/INFO] [hordes/]: Loaded entity minecraft:skeleton as entity.minecraft.skeleton with weight 10, min day 20 and max day 30
[02Apr2026 22:36:51.508] [main/INFO] [hordes/]: Loaded entity minecraft:spider as entity.minecraft.spider with weight 15, min day 20 and max day 30
[02Apr2026 22:36:51.508] [main/INFO] [hordes/]: Loaded entity minecraft:creeper as entity.minecraft.creeper with weight 5, min day 30 and max day 30
[02Apr2026 22:36:51.508] [main/INFO] [hordes/]: Loaded entity minecraft:husk as entity.minecraft.husk with weight 20, min day 30 and max day 50
[02Apr2026 22:36:51.508] [main/INFO] [hordes/]: Loaded entity minecraft:stray as entity.minecraft.stray with weight 10, min day 40 and max day 50
[02Apr2026 22:36:51.508] [main/INFO] [hordes/]: Loaded entity minecraft:cave_spider as entity.minecraft.cave_spider with weight 10, min day 40 and max day 50
[02Apr2026 22:36:51.508] [main/INFO] [hordes/]: Loaded entity minecraft:witch as entity.minecraft.witch with weight 5, min day 40 and max day 50
[02Apr2026 22:36:51.508] [main/INFO] [hordes/]: Loaded entity minecraft:pillager as entity.minecraft.pillager with weight 10, min day 40 and max day 50
[02Apr2026 22:36:51.509] [main/INFO] [hordes/]: Loaded entity minecraft:zombified_piglin as entity.minecraft.zombified_piglin with weight 10, min day 40 and max day 50
[02Apr2026 22:36:51.509] [main/INFO] [hordes/]: Loaded entity minecraft:zombie_horse as entity.minecraft.zombie_horse with weight 3, min day 40 and max day 50
[02Apr2026 22:36:51.509] [main/INFO] [hordes/]: Loaded entity minecraft:wither_skeleton as entity.minecraft.wither_skeleton with weight 10, min day 50 and max day 0
[02Apr2026 22:36:51.509] [main/INFO] [hordes/]: Loaded entity minecraft:phantom as entity.minecraft.phantom with weight 5, min day 50 and max day 50
[02Apr2026 22:36:51.509] [main/INFO] [hordes/]: Loaded entity minecraft:vindicator as entity.minecraft.vindicator with weight 10, min day 50 and max day 50
[02Apr2026 22:36:51.509] [main/INFO] [hordes/]: Loaded entity minecraft:zoglin as entity.minecraft.zoglin with weight 5, min day 40 and max day 40
[02Apr2026 22:36:51.509] [main/INFO] [hordes/]: Loaded entity minecraft:ravager as entity.minecraft.ravager with weight 5, min day 50 and max day 50
[02Apr2026 22:36:51.510] [main/INFO] [hordes/]: Loaded entity minecraft:evoker as entity.minecraft.evoker with weight 5, min day 50 and max day 50
[02Apr2026 22:36:51.510] [main/INFO] [hordes/]: Loaded entity minecraft:piglin_brute as entity.minecraft.piglin_brute with weight 10, min day 60 and max day 0
[02Apr2026 22:36:51.510] [main/INFO] [hordes/]: Loaded entity minecraft:cave_spider as entity.minecraft.cave_spider with weight 15, min day 60 and max day 0
[02Apr2026 22:36:51.510] [main/INFO] [hordes/]: Loaded entity minecraft:zombie_horse as entity.minecraft.zombie_horse with weight 5, min day 60 and max day 0
[02Apr2026 22:36:51.510] [main/INFO] [hordes/]: Loaded entity minecraft:ravager as entity.minecraft.ravager with weight 3, min day 60 and max day 0
[02Apr2026 22:36:51.510] [main/INFO] [hordes/]: Loaded entity minecraft:phantom as entity.minecraft.phantom with weight 3, min day 60 and max day 0
[02Apr2026 22:36:51.511] [main/INFO] [hordes/]: loaded horde table hordes:mixed_mobs
[02Apr2026 22:36:51.511] [main/INFO] [hordes/]: Loaded entity minecraft:pillager as entity.minecraft.pillager with weight 15, min day 0 and max day 0
[02Apr2026 22:36:51.511] [main/INFO] [hordes/]: Loaded entity minecraft:vindicator as entity.minecraft.vindicator with weight 10, min day 0 and max day 0
[02Apr2026 22:36:51.511] [main/INFO] [hordes/]: Loaded entity minecraft:witch as entity.minecraft.witch with weight 5, min day 20 and max day 0
[02Apr2026 22:36:51.511] [main/INFO] [hordes/]: Loaded entity minecraft:ravager as entity.minecraft.ravager with weight 5, min day 30 and max day 40
[02Apr2026 22:36:51.511] [main/INFO] [hordes/]: Loaded entity minecraft:evoker as entity.minecraft.evoker with weight 3, min day 40 and max day 40
[02Apr2026 22:36:51.511] [main/INFO] [hordes/]: Loaded entity minecraft:illusioner as entity.minecraft.illusioner with weight 5, min day 50 and max day 0
[02Apr2026 22:36:51.512] [main/INFO] [hordes/]: Loaded entity minecraft:ravager as entity.minecraft.ravager with weight 3, min day 50 and max day 0
[02Apr2026 22:36:51.512] [main/INFO] [hordes/]: Loaded entity minecraft:ravager as entity.minecraft.ravager with weight 5, min day 50 and max day 0
[02Apr2026 22:36:51.512] [main/INFO] [hordes/]: loaded horde table hordes:illagers
[02Apr2026 22:36:51.512] [main/INFO] [hordes/]: Loaded entity minecraft:skeleton as entity.minecraft.skeleton with weight 10, min day 0 and max day 20
[02Apr2026 22:36:51.512] [main/INFO] [hordes/]: Loaded entity minecraft:skeleton as entity.minecraft.skeleton with weight 20, min day 0 and max day 30
[02Apr2026 22:36:51.512] [main/INFO] [hordes/]: Loaded entity minecraft:skeleton_horse as entity.minecraft.skeleton_horse with weight 5, min day 20 and max day 50
[02Apr2026 22:36:51.512] [main/INFO] [hordes/]: Loaded entity minecraft:stray as entity.minecraft.stray with weight 10, min day 20 and max day 0
[02Apr2026 22:36:51.513] [main/INFO] [hordes/]: Loaded entity minecraft:wither_skeleton as entity.minecraft.wither_skeleton with weight 10, min day 40 and max day 0
[02Apr2026 22:36:51.513] [main/INFO] [hordes/]: Loaded entity minecraft:skeleton_horse as entity.minecraft.skeleton_horse with weight 5, min day 40 and max day 0
[02Apr2026 22:36:51.513] [main/INFO] [hordes/]: loaded horde table hordes:skeletons
[02Apr2026 22:36:51.513] [main/INFO] [hordes/]: Loaded entity minecraft:zombie as entity.minecraft.zombie with weight 30, min day 0 and max day 0
[02Apr2026 22:36:51.513] [main/INFO] [hordes/]: loaded horde table hordes:fallback
[02Apr2026 22:36:51.517] [main/INFO] [hordes/]: loaded horde script hordes:default
[02Apr2026 22:36:51.518] [main/INFO] [hordes/]: Loading conversion tables
[02Apr2026 22:36:51.518] [main/INFO] [hordes/]: Loading conversion table hordes:infection_conversions
[02Apr2026 22:36:51.520] [main/INFO] [hordes/]: Loaded conversion entity.minecraft.horse to entity.minecraft.zombie_horse with chance of 0.65
[02Apr2026 22:36:51.520] [main/INFO] [hordes/]: Loaded conversion entity.minecraft.piglin to entity.minecraft.zombified_piglin with chance of 0.75
[02Apr2026 22:36:51.522] [main/INFO] [hordes/]: Loaded conversion entity.minecraft.piglin_brute to entity.minecraft.zombified_piglin{Attributes:[{Base:50.0f,Name:"generic.max_health"}],chat_name:"entity.hordes.ZombifiedPiglinBrute.name",texture:"hordes:textures/entity/zombified_piglin_brute.png"} with chance of 0.35
[02Apr2026 22:36:51.522] [main/INFO] [hordes/]: Loaded conversion entity.minecraft.hoglin to entity.minecraft.zoglin with chance of 0.15
[02Apr2026 22:36:51.522] [main/INFO] [hordes/]: Loaded conversion entity.minecraft.wandering_trader to entity.minecraft.zombie_villager{VillagerData:{type:"none"},chat_name:"entity.hordes.ZombieWanderingTrader.name",texture:"hordes:textures/entity/zombie_wandering_trader.png"} with chance of 0.75
[02Apr2026 22:36:51.522] [main/INFO] [hordes/]: Loaded conversion entity.minecraft.pillager to entity.minecraft.zombie_villager{Attributes:[{Base:24.0f,Name:"generic.max_health"}],VillagerData:{type:"none"},chat_name:"entity.hordes.ZombiePillager.name",texture:"hordes:textures/entity/zombie_pillager.png"} with chance of 0.75
[02Apr2026 22:36:51.523] [main/INFO] [hordes/]: Loaded conversion entity.minecraft.vindicator to entity.minecraft.zombie_villager{Attributes:[{Base:24.0f,Name:"generic.max_health"}],VillagerData:{type:"none"},chat_name:"entity.hordes.ZombieVindicator.name",texture:"hordes:textures/entity/zombie_vindicator.png"} with chance of 0.35
[02Apr2026 22:36:51.523] [main/INFO] [hordes/]: Loaded conversion entity.minecraft.evoker to entity.minecraft.zombie_villager{Attributes:[{Base:24.0f,Name:"generic.max_health"}],VillagerData:{type:"none"},chat_name:"entity.hordes.ZombieEvoker.name",texture:"hordes:textures/entity/zombie_evoker.png"} with chance of 0.5
[02Apr2026 22:36:51.523] [main/INFO] [hordes/]: Loaded conversion entity.minecraft.illusioner to entity.minecraft.zombie_villager{Attributes:[{Base:32.0f,Name:"generic.max_health"}],VillagerData:{type:"none"},chat_name:"entity.hordes.ZombieIllusioner.name",texture:"hordes:textures/entity/zombie_illusioner.png"} with chance of 0.15
[02Apr2026 22:36:51.524] [main/INFO] [hordes/]: Loaded conversion entity.minecraft.witch to entity.minecraft.zombie_villager{Attributes:[{Base:26.0f,Name:"generic.max_health"}],VillagerData:{type:"none"},chat_name:"entity.hordes.ZombieWitch.name",texture:"hordes:textures/entity/zombie_witch.png"} with chance of 0.25
[02Apr2026 22:36:51.524] [main/INFO] [hordes/]: Loading immunity item list
[02Apr2026 22:36:51.524] [main/INFO] [hordes/]: Loading immunity item list hordes:immunity_items
[02Apr2026 22:36:51.525] [main/INFO] [hordes/]: Loaded immunity item cure:vaccine with duration 350
[02Apr2026 22:36:51.525] [main/INFO] [hordes/]: Loading wearables protection list
[02Apr2026 22:36:51.526] [main/INFO] [hordes/]: Loading wearables protection list hordes:immune_wearables
[02Apr2026 22:36:51.527] [main/INFO] [placebo/]: Registered 0 gear_sets.
[02Apr2026 22:36:51.530] [main/INFO] [insane96mcp.insanelib.InsaneLib/]: Reloading InsaneLib JsonFeature Json
[02Apr2026 22:36:51.557] [main/WARN] [net.minecraftforge.registries.NamespacedWrapper/]: Not all defined tags for registry ResourceKey[minecraft:root / minecraft:block] are present in data pack: minecraft:bone_block, 
	minecraft:deepslate, 
	the_deep_void:rotten_wood
[02Apr2026 22:36:56.856] [main/INFO] [Spartan Weaponry/]: Finished initialising Weapon Traits & Attributes! Took 6.039728ms
[02Apr2026 22:36:56.926] [main/INFO] [com.ordana.immersive_weathering.ImmersiveWeathering/]: Loaded 78 block growths configurations
[02Apr2026 22:36:56.931] [main/INFO] [com.ordana.immersive_weathering.ImmersiveWeathering/]: Loaded 14 liquid generators configurations
[02Apr2026 22:36:57.130] [Server thread/INFO] [net.minecraft.server.dedicated.DedicatedServer/]: Starting minecraft server version 1.20.1
[02Apr2026 22:36:57.130] [Server thread/INFO] [net.minecraft.server.dedicated.DedicatedServer/]: Loading properties
[02Apr2026 22:36:57.130] [Server thread/INFO] [net.minecraft.server.dedicated.DedicatedServer/]: Default game type: SURVIVAL
[02Apr2026 22:36:57.130] [Server thread/INFO] [net.minecraft.server.MinecraftServer/]: Generating keypair
[02Apr2026 22:36:57.271] [Server thread/INFO] [net.minecraft.server.dedicated.DedicatedServer/]: Starting Minecraft server on *:25565
[02Apr2026 22:36:57.300] [Server thread/INFO] [net.minecraft.server.network.ServerConnectionListener/]: Using epoll channel type
[02Apr2026 22:36:57.384] [Server thread/WARN] [net.minecraft.server.dedicated.DedicatedServer/]: **** SERVER IS RUNNING IN OFFLINE/INSECURE MODE!
[02Apr2026 22:36:57.384] [Server thread/WARN] [net.minecraft.server.dedicated.DedicatedServer/]: The server will make no attempt to authenticate usernames. Beware.
[02Apr2026 22:36:57.385] [Server thread/WARN] [net.minecraft.server.dedicated.DedicatedServer/]: While this makes the game possible to play without internet access, it also opens up the ability for hackers to connect with any username they choose.
[02Apr2026 22:36:57.385] [Server thread/WARN] [net.minecraft.server.dedicated.DedicatedServer/]: To change this, set "online-mode" to "true" in the server.properties file.
[02Apr2026 22:36:57.419] [Server thread/INFO] [Puzzles Lib/]: Loading server config for mutantmonsters
[02Apr2026 22:36:57.421] [Thread-3/INFO] [Puzzles Lib/]: Reloading server config for mutantmonsters
[02Apr2026 22:36:57.423] [Thread-3/INFO] [Puzzles Lib/]: Reloading server config for mutantmonsters
[02Apr2026 22:36:57.648] [Server thread/INFO] [FTB Teams/]: loaded team data: 3 known players, 3 teams total
[02Apr2026 22:36:57.688] [Server thread/INFO] [Framework/]: Loading server configs...
[02Apr2026 22:36:57.729] [Server thread/INFO] [net.minecraft.server.dedicated.DedicatedServer/]: Preparing level "world"
[02Apr2026 22:36:58.334] [Server thread/INFO] [incontrol/]: Reading rules from areas.json
[02Apr2026 22:36:58.385] [Server thread/INFO] [incontrol/]: Reading rules from spawn.json
[02Apr2026 22:36:58.564] [Server thread/INFO] [incontrol/]: Reading rules from summonaid.json
[02Apr2026 22:36:58.569] [Server thread/INFO] [incontrol/]: Reading rules from loot.json
[02Apr2026 22:36:58.599] [Server thread/INFO] [incontrol/]: Reading rules from experience.json
[02Apr2026 22:36:58.604] [Server thread/INFO] [incontrol/]: Reading rules from phases.json
[02Apr2026 22:36:58.615] [Server thread/INFO] [incontrol/]: Reading rules from effects.json
[02Apr2026 22:36:58.621] [Server thread/INFO] [incontrol/]: Reading rules from breakevents.json
[02Apr2026 22:36:58.631] [Server thread/INFO] [incontrol/]: Reading rules from placeevents.json
[02Apr2026 22:36:58.638] [Server thread/INFO] [incontrol/]: Reading rules from rightclicks.json
[02Apr2026 22:36:58.647] [Server thread/INFO] [incontrol/]: Reading rules from leftclicks.json
[02Apr2026 22:36:58.660] [Server thread/INFO] [incontrol/]: Reading rules from spawner.json
[02Apr2026 22:36:58.705] [Server thread/INFO] [incontrol/]: Reading rules from events.json
[02Apr2026 22:37:03.187] [Server thread/INFO] [net.minecraft.server.MinecraftServer/]: Preparing start region for dimension minecraft:overworld
[02Apr2026 22:37:03.191] [Server thread/INFO] [KubeJS Server/]: Server resource reload complete!
[02Apr2026 22:37:05.115] [Worker-Main-22/INFO] [net.minecraft.server.level.progress.LoggerChunkProgressListener/]: Preparing spawn area: 0%
[02Apr2026 22:37:05.117] [Worker-Main-22/INFO] [net.minecraft.server.level.progress.LoggerChunkProgressListener/]: Preparing spawn area: 0%
[02Apr2026 22:37:05.146] [Worker-Main-4/INFO] [net.minecraft.server.level.progress.LoggerChunkProgressListener/]: Preparing spawn area: 0%
[02Apr2026 22:37:05.150] [Worker-Main-6/INFO] [net.minecraft.server.level.progress.LoggerChunkProgressListener/]: Preparing spawn area: 0%
[02Apr2026 22:37:05.189] [Worker-Main-21/INFO] [net.minecraft.server.level.progress.LoggerChunkProgressListener/]: Preparing spawn area: 0%
[02Apr2026 22:37:05.690] [Worker-Main-16/INFO] [net.minecraft.server.level.progress.LoggerChunkProgressListener/]: Preparing spawn area: 0%
[02Apr2026 22:37:06.317] [Worker-Main-20/INFO] [net.minecraft.server.level.progress.LoggerChunkProgressListener/]: Preparing spawn area: 0%
[02Apr2026 22:37:06.690] [Worker-Main-15/INFO] [net.minecraft.server.level.progress.LoggerChunkProgressListener/]: Preparing spawn area: 4%
[02Apr2026 22:37:07.190] [Worker-Main-4/INFO] [net.minecraft.server.level.progress.LoggerChunkProgressListener/]: Preparing spawn area: 8%
[02Apr2026 22:37:07.691] [Worker-Main-4/INFO] [net.minecraft.server.level.progress.LoggerChunkProgressListener/]: Preparing spawn area: 14%
[02Apr2026 22:37:08.189] [Worker-Main-13/INFO] [net.minecraft.server.level.progress.LoggerChunkProgressListener/]: Preparing spawn area: 74%
[02Apr2026 22:37:08.434] [Server thread/INFO] [net.minecraft.server.level.progress.LoggerChunkProgressListener/]: Time elapsed: 5246 ms
[02Apr2026 22:37:08.435] [Server thread/INFO] [net.minecraft.server.dedicated.DedicatedServer/]: Done (11.032s)! For help, type "help"
[02Apr2026 22:37:08.529] [Server thread/INFO] [net.minecraftforge.server.permission.PermissionAPI/]: Successfully initialized permission handler forge:default_handler
[02Apr2026 22:37:08.530] [Server thread/INFO] [tn.naizo.jauml.JaumlCore/]: HELLO from server starting
[02Apr2026 22:37:08.534] [Server thread/INFO] [com.technicboyman.nobz.nobabyzombies1_20_1forge.Nobabyzombies1_20_1forge/]: HELLO from server starting
[02Apr2026 22:37:08.687] [Server thread/INFO] [net.bettercombat.logic.WeaponRegistry/]: Encoded Weapon Attribute registry size (with package overhead): 314074 bytes (in 32 string chunks with the size of 10000)
[02Apr2026 22:37:08.692] [Server thread/INFO] [com.cupboard.Cupboard/]: Loaded config for: forgivingworld.json
[02Apr2026 22:37:08.695] [Server thread/WARN] [voicechat/]: [voicechat] Running in offline mode - Voice chat encryption is not secure!
[02Apr2026 22:37:08.705] [VoiceChatServerThread/INFO] [voicechat/]: [voicechat] Voice chat server started at port 24454
[02Apr2026 22:37:08.929] [Server thread/INFO] [patchouli/]: Sending reload packet to clients
